:020000040800F2
:10F8000068120020D5F800088D55010859520108EA
:10F8100000000000000000000000000000000000E8
:10F82000000000000000000000000000E168010886
:10F830000000000000000000455D0108816B010828
:10F8400000000000E7F80008695F0108E7F8000819
:10F85000E7F80008E7F80008E7F80008D9470108CA
:10F86000E7F80008E7F80008E7F80008E7F80008FC
:10F87000E7F80008E7F80008E7F80008E7F80008EC
:10F88000E7F800089D6D0108E7F80008E7F80008B0
:10F8900000000000E7F80008E7F800082F49010819
:10F8A000E7F80008E7F800080000000045840108B8
:10F8B000E7F80008E7F80008E7F80008374901080A
:10F8C0000348854600F0CCFB00480047DDB2010844
:10F8D000681200200448804704480047FEE7FEE71E
:10F8E000FEE7FEE7FEE7FEE7096D0108C1F8000844
:10F8F00003460B439B0703D009E008C9121F08C049
:10F90000042AFAD203E00B780370401C491C521EF3
:10F91000F9D27047D2B201E00270401C491EFBD2FE
:10F9200070470022F6E710B513460A46044619460A
:10F93000FFF7F0FF204610BD30B504460020034617
:10F9400000E05B1C934203D2E05CCD5C401BF8D02E
:10F9500030BDF8B502464A40D40F42004B00520871
:10F960005B089A4202D20246084611464A0023D05A
:10F97000C30D4A00DDB2120EAD1A202D35DA490250
:10F980000126490AF6058A19002C00D0524220218E
:10F990004F1B1146B9402A411018C20D9A4221D07E
:10F9A000002C17D0012D08DCDA05801AD20F80193F
:10F9B000D207DBB200F054F9F8BDDA05801A012352
:10F9C00040001B06C01880185A428018CA0F104306
:10F9D000490007E04908C2071143DA05801A801977
:10F9E0004008801800F034F9F8BD61000122511A76
:10F9F000001BF7E70122D2075140AAE70122D207F4
:10FA00005040A6E7024670B54A40D30FDB074000DE
:10FA10002DD04A002AD0010E140E0002120209193C
:10FA2000400A520A8418E50104465443000A120AA7
:10FA30002E045043A4194219200CC543AA18120CD5
:10FA40000125AD03521C521912047F39240400D041
:10FA5000521C104301D44000491EC2B20C06C0091A
:10FA60002018401C4008802A02D003E0002070BD0E
:10FA700040084000002900DA0020184370BD70B52E
:10FA800002464A40D50F40004A00ED0740085208A0
:10FA9000002814D0002A12D0C40DD30D4102012039
:10FAA000C0055202490A520AE41A091812187D3494
:10FAB000914201D3641C00E04900002C01DA0020CF
:10FAC00070BD0023914201D3891A034340084900C5
:10FAD0000028F7D100290AD0914202D10121C9079B
:10FAE00005E0914201D2012101E00121C943E00575
:10FAF000C018401900F0ACF870BD0122D2070028F0
:10FB000000DB101A002900DB511A814201D80120C4
:10FB10007047002070470122D207002800DB101A2E
:10FB2000002900DB511A814201D2012070470020D8
:10FB300070470122D207002800DB101A002900DBE1
:10FB4000511A814201D301207047002070470122E1
:10FB5000D207002800DB101A002900DB511A81426D
:10FB600001D90120704700207047C217C10F5040D3
:10FB700010B54018CA079623002100F071F810BD97
:10FB8000C20F410040020123400ADB05D207090EE3
:10FB9000C0187F2901DA00207047962903DC9623DC
:10FBA000591AC84001E096398840002AF4D04042F2
:10FBB000704770B50446002903D00020202201239D
:10FBC00010E0002801D00020C043C046C0460DE030
:10FBD0002546D5408D4205D30D469540641B1D46F4
:10FBE000954040191546521E002DF1DC214670BD8E
:10FBF000F0B51FB40646002082B0054640240191AE
:10FC000000901BE0019922460F46304600F04AFA68
:10FC1000049A059B801A994110D310461946224632
:10FC200000F030FA361A8F41019722460120002158
:10FC3000009F00F027FA38184D4100902046641EBE
:10FC40000028DFDC019B00982946324607B0F0BD52
:10FC5000002904DA401C490001D1400840007047E7
:10FC600070B40024050C05D11024000402D1002931
:10FC700021D01124050E01D100020834050F01D155
:10FC80000001241D850F01D18000A41C002801DB88
:10FC90004000641C002908D020252E1B0D46F5408D
:10FCA000A14000D001212943084301061B1B000A83
:10FCB000DB1D02D5002070BC7047DB0518188018CA
:10FCC0000029F8DA401C4900F5D170BC400840001A
:10FCD00070470000F0B507460846584087B0C00F8F
:10FCE000049048000E46590040084908BC1A884153
:10FCF00005D2384631461E4617460B460246580086
:10FD0000400810434CD0300D039040055900400D81
:10FD1000490D0590401A0290402872DA180301211B
:10FD2000000B09050843019004980092002805D0B3
:10FD3000019952420020884100920190029840218E
:10FD40000A1A0199009800F09DF905460C466B4689
:10FD500007CB00F0B8F9C0197141039A0E0D0023CA
:10FD6000D71756401A467A40164344D0049A002AC0
:10FD70002DD0029A012A039A15DC1205C01A91416E
:10FD800001263605001C7141D20F059ED207009353
:10FD9000019202962A46234600F0B5F907B0F0BD5D
:10FDA00038463146FAE71605224A0F46B218C01AFD
:10FDB000B74101210905001C4F4100187F41114640
:10FDC00018187941E20F10436D19644113E0E207FE
:10FDD0006D0815436408C2071443039A01261205EF
:10FDE000C01A91413605001C7141CE0740083043CE
:10FDF0004908C01851412A46234600F077F9CDE75B
:10FE0000FFE7049801224000C117121A00238B411A
:10FE100004983146C417381AA141EEE730B40124E2
:10FE2000E407634030BC55E730B40124E407614087
:10FE300030BC4FE70000E0FFF0B51FB488B00B996D
:10FE40000998002448400999C00F490049080991C0
:10FE5000C0070B990090490049080B91099908982F
:10FE6000A64608431CD00B990A98084318D0099855
:10FE700001244000420D4800410D0998240500036B
:10FE8000000B204309900B980003000B20430B90BC
:10FE900050181C494018002201901446104605E0F5
:10FEA000002001460DB0F0BD032801DA034600E052
:10FEB00003239C46C11A0AAE0AE05F0008ADED5B61
:10FEC0004F00F75B7D430027AA187C41491C5B1E4D
:10FED0006145F2DD410004AB5A522104120C0A4381
:10FEE000240C401C0828DFDB019802900099704622
:10FEF00001910090059B049A0799069800F003F978
:10FF0000D0E700000DFCFFFFF0B50C465C4085B06B
:10FF1000E40FE40703944C0000266408590094465B
:10FF2000490802460296224321D062460A431ED067
:10FF30006200570D4A000E032303550D01240246AB
:10FF40002C492405781B1B0B360B401823432643F2
:10FF5000614600901C46501AB44103D30098401CDF
:10FF6000009002E0921800985B41002803DA00201C
:10FF7000014605B0F0BD002001210905074686466F
:10FF800011E064461D46141BB54106D36546521B5D
:10FF9000B341744607430C43A646CD0740084908C1
:10FFA000284392185B4105460D43EAD11046184399
:10FFB00013D06046194650407140084306D0604651
:10FFC000101AB34106D20122002306E000220123C9
:10FFD000DB0702E00122D24353100098744601056A
:10FFE000381C6141029C039D0019694100F07EF8B4
:10FFF000BFE70000FD0300004A0009030123090BCD
:020000040801F1
:100000001B0519430A4B10B5520D9A4202DA002023
:10001000014610BD064B34339A4203DC9A1A00F0B5
:1000200041F810BD034BD21800F02CF810BD0000B1
:10003000FF030000CDFBFFFF10B5002904DB012406
:10004000E40740428C412146002B04DB1C4601237F
:10005000DB075242A341994200D1904210BD0000FB
:10006000064C0125064E05E0E36807CC2B430C3C0B
:1000700098471034B442F7D3FFF726FC3CD101086F
:100080005CD1010810B5202A04DB0146203A9140DA
:10009000002010BD914020239C1A0346E3401943E1
:1000A000904010BD10B5202A04DB0846203AD0400D
:1000B000002110BD0B46D340D0402024A21A91400D
:1000C0000843194610BD10B5202A06DBCB17084699
:1000D000203A1041C1170B4306E00B461341D040B4
:1000E0002024A21A91400843194610BD10B5002BD8
:1000F00008DA0024401C614192185B411A4301D187
:100100004008400010BDF0B51FB482B005460C0099
:1001100003D008460CF034F902E00CF031F920303D
:100120000246009021462846FFF7ACFF049B059A43
:1001300004460F4618431143084314D01846104391
:100140001BD0009840210A1A18460599FFF7AAFF0C
:1001500005460E46009A05990498FFF793FF084359
:1001600005D0012004E02046394607B0F0BD00204C
:10017000C11705430E432C43374300990E9863057E
:10018000401A7905E40A00220C43FD0A0A3002D520
:1001900000200146E9E70105101969410C9C0D9DFD
:1001A00000196941FFF7A2FFDFE730B58C1802782C
:1001B000401C13071B0F01D10378401C120906D104
:1001C0000278401C03E005780D70401C491C5B1E42
:1001D000F9D101E00B70491C521EFBD1A142E6D3BC
:1001E000002030BD81B00090009802783A4908683C
:1001F0009207D20E1823984380180860009842781E
:100200000868D207920E202398438018086000984F
:1002100082780868D207520F042398438018086038
:100220000098C2780868D207920C01235B039843B8
:10023000801808600098427908689207120D03231D
:100240009B0298438018086000980279086852075A
:10025000D20D07239B0198438018086001B07047B6
:1002600082B0019068460170019B054A11681943EC
:1002700011600278034908681043086002B07047B3
:1002800028240140142401405049086802221043E8
:100290000860704710490868012290430860704761
:1002A00081B001466846017002780B490868D207A0
:1002B000920F022398438018086001B07047C0462F
:1002C00042490868012210430860704702490868E3
:1002D00001221043086070470C24014084B00020C4
:1002E000039002900190394908680122D207104317
:1002F0000860FFE735480068C00F01900298401C75
:100300000290FFE7029900200F2212039142009011
:1003100005D0FFE70198411E88410090FFE7009853
:10032000C0070028E6D1FFE728480068C00F002872
:1003300004D1FFE704480068039002E00020039026
:10034000FFE7039804B070474024014083B0029057
:10035000002001906946087002A8C078C0070028F4
:1003600007D0FFE71948006801210906884301907A
:1003700003E0094800680190FFE7019802990842EC
:1003800004D0FFE769460120087000E0FFE76846F7
:10039000007803B07047C0460024014080B582B0A9
:1003A00001204002019005F065FE019805F02CFE49
:1003B00002B080BD054908680422104308607047F8
:1003C0000249086810221043086070470824014061
:1003D00080B503495A20087006F0CEFA80BDC046A9
:1003E000F17F002087B005900491039202A90020BC
:1003F00008700190694608700598082845D3FFE702
:1004000004980078000901283FD1FFE70499087893
:100410000007000D4978401801900198002801D08C
:10042000FFE718E0694600200870FFE7684600789B
:1004300003280FD8FFE7019800020190049A69464B
:100440000878801882780198104301900098401C29
:100450000870EBE7FFE70198072804D8FFE702A937
:100460000020087003E002A901200870FFE702A83D
:100470000078012801D0FFE703E0019803990860A4
:10048000FFE7029806A9087003E006A9002008709B
:10049000FFE706A8007807B070478AB00890079178
:1004A000069205A9002008700490089802285AD3E3
:1004B000FFE7079800780009002854D1FFE7089863
:1004C000092826D3FFE7079800780F2108400490F9
:1004D0000498002801D0FFE71AE0079840780490BC
:1004E00004983E2813D8FFE7049800280FD0FFE7B0
:1004F00004990898421E0120002302939142039020
:1005000001D902980390039805A90870FFE7FFE757
:100510001CE0079800780F210840049004980728F1
:1005200013D8FFE7049800280FD0FFE70499089834
:10053000421E0120002300939142019001D90098AE
:100540000190019805A90870FFE7FFE705A800786A
:10055000012804D1FFE7049806990860FFE7059891
:1005600009A9087003E009A900200870FFE709A89D
:1005700000780AB0704780B58EB00C900B910A924B
:1005800008A900200880542009AA049204F08CFCD9
:1005900004980078002847D1FFE708A800880028C1
:1005A00042D0FFE708A800880C283DD3FFE709A840
:1005B0000390009054200C2105AA08AB04F0D6FC4F
:1005C0000398007800282BD1FFE708A800880C28A2
:1005D00026D1FFE705A881880A9A09A80290009011
:1005E000542008AB04F0C2FC02980078002813D114
:1005F000FFE7069808A9098888420DD1FFE705980A
:100600000C99086006980B990870079806F0D8FCBA
:100610000DA9012008700BE00DA90020087007E06B
:100620000DA90020087003E00DA900200870FFE765
:100630000DA800780EB080BD80B58CB00A9009A8D6
:100640000180089206AA002111800088002843D06A
:10065000FFE7522006A907AA029204F0D2FB0298F3
:100660000078002834D1FFE706A8008809A9098886
:100670000C3188422CD3FFE70A98039009A8008820
:10068000049000200590522003A90C2207AB01938F
:1006900005F0E9FB01980078002815D1FFE70899DB
:1006A00009A80288522007AB009305F0DCFB0098F4
:1006B0000078002804D1FFE70BA9012008700FE0A3
:1006C0000BA9002008700BE00BA90020087007E0C0
:1006D0000BA90020087003E00BA900200870FFE7B9
:1006E0000BA800780CB080BD80B58AB00890079147
:1006F000D5488088002800D1C4E00898007A0028F6
:1007000000D1BBE008980078012800D1B6E0089835
:10071000407A0009002800D1A9E00898407A000931
:10072000012800D1A3E0C848806808994968884238
:1007300000D098E00898407A0009022800D08EE0A6
:10074000C14800780899497A0F221140884200D0A8
:1007500081E0BD498889089A127A521ED2B2801867
:10076000C989884217DBFFE7B74A0592938910468B
:1007700010300690C01808990A31D289D21A04F0B4
:1007800099FD0599069A8868C989FFF755FF079969
:10079000002008705BE0EC48018A002000290490EA
:1007A0000FD0FFE7A8484178E748028A01200023DC
:1007B00002939142039001DA029803900398049007
:1007C000FFE70498C00700281CD1FFE7FFE79E4819
:1007D0000178491C01700078102804D3FFE79A497A
:1007E00000200870FFE7FFE7FFE7D749C88B0978CB
:1007F000FFF7DFF90146944881808088D34908607B
:10080000FFE710E0FFE7D049488B0978FFF7D1F9FF
:1008100001468D4881808088CC490860FFE70799B0
:1008200007200870FFE78848019081894018103040
:10083000089A11460A31127A521E04F03BFD0199C2
:100840000898007A8A898018401E8881FFE709A9E4
:10085000002008701DE009A90420087019E009A90A
:100860000920087015E009A90920087011E007990E
:100870000020087009A9062008700AE009A90020D4
:10088000087006E007990020087009A90320087085
:10089000FFE709A800780AB080BDC04680B586B0E1
:1008A00005900491A748807B03A90870334800781D
:1008B000002818D1FFE764480021029150220192DC
:1008C00004F0EEFD019A02999E4804F0E9FD0298B9
:1008D0009E49086006F074FB0298284A01211170B5
:1008E00003A90870FFE7059800780090002804D05D
:1008F000FFE70098012817D017E00598407A000913
:10090000002804D1FFE70499012008700BE0059846
:10091000407A0009012804D1FFE7049902200870F9
:1009200000E0FFE7FFE71DE0FFE7864A10460830DA
:10093000103203A9FFF71FFE012801D0FFE710E0E6
:1009400003A801787F48C181C089072804D8FFE740
:1009500004990520087003E0049906200870FFE759
:10096000FFE7FFE704980078002804D0FFE7034979
:1009700000200870FFE7002006B080BD680100205D
:1009800080B586B004900391002002900498007A0C
:10099000002851D0FFE70498007801284CD0FFE7E9
:1009A0000498407A0009012842D1FFE70499087AA7
:1009B000093102AAFFF716FD012835D1FFE7049897
:1009C0004068214988600298C881FFE7F849488B50
:1009D0000978FFF7EEF801461B4881808088F549C9
:1009E0000860FFE7049801460B31007A821E164822
:1009F0000190103004F05EFC01990498007A8A8915
:100A00008018801E8881039907200870FFE70499E9
:100A10000120087004990020087204994860FFE7DB
:100A200005A9002008700BE005A90920087007E05F
:100A300005A90920087003E005A909200870FFE74F
:100A400005A8007806B080BDF808002080B584B005
:100A500002900191D4488088002868D0FFE702986E
:100A6000007A00285FD0FFE70298007801285AD06A
:100A7000FFE70298407A0009032850D1FFE7029867
:100A8000417A0F20014068460170007802283FD06B
:100A9000FFE768460078012829D0FFE7684600781C
:100AA000002816D1FFE70298807AF1494870029831
:100AB000C07AF0490880FFE7EF49888B0978FFF793
:100AC00078F80146EA4881808088EC490860FFE7B1
:100AD00006E001990020087003A9052008702DE0A8
:100AE00001990820087003A90020087026E0FFE79C
:100AF000E149088B0978FFF75CF80146DC48818002
:100B00008088DE490860FFE703A90020087015E02F
:100B100001990020087003A9082008700EE003A9BD
:100B2000092008700AE003A90020087006E0019976
:100B30000020087003A903200870FFE703A80078CD
:100B400004B080BD48090020D8CC0108A8090020C5
:100B500080B584B002900191002000900298007A44
:100B6000002830D0FFE70298007801282BD0FFE75B
:100B70000298407A0009002821D1FFE70299087AFB
:100B800009316A46FFF789FC012814D1FFE7029A70
:100B90005068694609880A32FFF74EFD002806D0E2
:100BA000FFE701990020087003A908700FE003A96E
:100BB000092008700BE003A90920087007E003A9C9
:100BC0000920087003E003A909200870FFE703A8C3
:100BD000007804B080BD000080B584B003A8002177
:100BE000017072B612490978017062B600780290FD
:100BF000012804D0FFE7029802280FD014E00D4826
:100C00000068002801D1FFE707E00A48019000686A
:100C10008047019900200860FFE706E004490020B2
:100C200008700449086000E0FFE704B080BDC046DA
:100C3000A4090020A009002010B590B00E900D91DD
:100C400000200C900B900AA9087009A90870DE48D2
:100C50004088002800D09EE0DB488088002800D132
:100C600092E002200BA9079100F0E8FB079AD64911
:100C700008781378F024234018431070C8898989B4
:100C8000401A0AA908910870032000F007FC4748A1
:100C900000F0CAFB0898007807282DD3FFE70BA8BF
:100CA0000590401CC84906918A8908318918083185
:100CB000072204F0FFFA059A0698C4494C6A806836
:100CC000096A0091AC4B0821A047012805D1FFE734
:100CD000BD498889C01D88810DE0022000F0DEFB3F
:100CE0000020049000F0A0FB04980D9908700FA953
:100CF0000920087053E033E00BA80290401CB24971
:100D000003918A890831891808310AAA127804F0F7
:100D1000D1FA029A03980A994B1C09A90B70EF4B60
:100D20005C6A806809781B6A0093EE4BA047012833
:100D300007D1FFE70AA80278A3498889801888812B
:100D40000DE0022000F0AAFB0020019000F06CFBF7
:100D500001980D9908700FA9092008701FE0FFE79E
:100D6000FFE7F349888A0978FEF723FF0146964892
:100D700081808088EF490860FFE70D99092008709D
:100D80000FA9002008700AE00D99002008700FA933
:100D90000220087003E00FA900200870FFE70FA8E9
:100DA000007810B010BDC04648090020B90D0108F8
:100DB000D8CC0108A809002080B583498889C98951
:100DC000884209DBFFE7002006F006F9FFE7D74974
:100DD00000200870FFE749E026480088D4490978D8
:100DE000FEF7E7FE014678484180407800281CD095
:100DF000FFE775484178491E41704078002813D1BB
:100E0000FFE7FFE7C94903200870FFE7FFE7C8498C
:100E1000088B0978FEF7CDFE01466B4881808088FB
:100E2000C4490860FFE721E0FFE7FFE76648017873
:100E3000491C01700078102804D3FFE762490020A4
:100E40000870FFE7FFE7FFE7B949888B0978FEF7ED
:100E5000B0FE0146F54881808088B6490860FFE70A
:100E6000FFE7B24908200870FFE7FFE780BDC046F2
:100E7000480900209C090020D8CC0108A8090020BE
:100E800010B58EB00C900B91002006900A9009903E
:100E9000E648C189079101200729089001D80698E2
:100EA0000890079808990591082856D3FFE70598F8
:100EB000012853D1FFE7012009A900F0BFFAFFE79D
:100EC00009A90878F02210400870D848C37B099A15
:100ED0001A430A70827B487810434870FFE703206A
:100EE00000F0DCFA234800F09FFA09A80390801C68
:100EF000CE4904911031062204F0DCF9039A0498DB
:100F0000E7494C6A8068096A0091CA4B0821A047EA
:100F1000012814D1FFE7FFE7E149888A0978FEF745
:100F200048FE0146C14881808088DC490860FFE7AF
:100F30000B99092008700DA90020087015E0022007
:100F400000F0ACFA0020029000F06EFA02980B99C3
:100F500008700DA90920087007E0FFE70B9905202C
:100F600008700DA908200870FFE70DA800780EB0E2
:100F700010BDC0467D0F01082915010880B5AB4999
:100F80008889801D8881FFE7C549088B0978FEF7AD
:100F900010FE0146A54881808088C0490860FFE7AF
:100FA000FFE7A2480178491C01700078102804D39B
:100FB000FFE79E4900200870FFE7FFE7FFE7A3492E
:100FC00003200870FFE780BD48090020D8CC010845
:100FD00010B588B006900591002004900390524807
:100FE0008088002871D1FFE7032003A900F026FACA
:100FF0004D48C089412807D3FFE703A94878F0226C
:101000001040801C487005E003A94878F022104089
:101010004870FFE7A248007C03A94870FFE7A0489A
:10102000008A002805D0FFE73F494878401C4870F7
:10103000FFE7FFE7FFE73C480178491C01700078B3
:10104000102804D3FFE7384900200870FFE7FFE7C6
:10105000F348817C03A88170C01C5521052204F04F
:101060001FFAFFE7EE49C88A0978FEF7A2FD01469C
:101070002D488180808889490860FFE7032000F0BF
:101080000DFA174800F0D0F9E5494C6AC868096ABA
:101090000091684B082103AAA04701280ED0FFE762
:1010A000022000F0FBF90020029000F0BDF9029848
:1010B0000599087007A9092008700AE00599092018
:1010C000087007A90020087003E007A90020087035
:1010D000FFE707A8007808B010BDC046D8CC0108CB
:1010E000E91001082915010880B50F48C08940287A
:1010F00013D8FFE7FFE7CA49C88B0978FEF759FD07
:10110000014609488180808864490860FFE7FFE75D
:10111000C24904200870FFE705E0FFE7BF4900204F
:101120000870FFE7FFE780BDF8080020F408002002
:10113000D8CC0108A809002010B58CB00A900991FC
:1011400000200890079006A90870F548C089072874
:1011500060D8FFE7F248C089002854D0FFE700209C
:1011600007A900F06BF9FFE707A90878F022104003
:101170000870EB48C289079810430870FFE707988A
:10118000401C06A90491087007A80590401CE4497A
:101190000391CA89103104F08DF8032000F07EF924
:1011A000234800F041F903980499059A9C4B5C6A26
:1011B000806809781B6A00931E4BA047012814D150
:1011C000FFE7FFE79649888A0978FEF7F2FC0146B7
:1011D000D34881808088D3490860FFE709990920B6
:1011E00008700BA9002008701BE0022000F056F9DF
:1011F0000020029000F018F90298099908700BA9D4
:10120000092008700DE00999002008700BA9092039
:10121000087006E00999062008700BA909200870DB
:10122000FFE70BA800780CB010BDC04648090020AD
:10123000391201082915010880B5002005F0CCFEFF
:10124000FFE7764900200870FFE780BDF408002022
:1012500080B584B003900291B2480068002801D0A4
:10126000FFE718E06E48C06A002801D1FFE703E0FD
:101270006B48C06A8047FFE70220009005F0ACFE93
:10128000009800F00BF90020019000F0CDF80198D3
:1012900002990870FFE7002004B080BDA809002073
:1012A000D8CC010880B586B06020522105AA0492EE
:1012B00004F00EFA04980078002801D1FFE701E05D
:1012C000FFE7FEE76020542105AA039204F000FA2C
:1012D00003980078002801D1FFE701E0FFE7FEE76F
:1012E0006020722105AA029204F0F2F902980078B7
:1012F000002801D1FFE701E0FFE7FEE7402074216D
:1013000005AA019204F0E4F901980078002801D1BF
:10131000FFE701E0FFE7FEE706B080BDB0B588B0AB
:1013200007A90020087006AA0A2111703A4A01A9EB
:1013300018CA18C138CA38C16946087037480078D9
:10134000092801D1FFE718E03548836A01AA101D7A
:101350001146083109329847012801D0FFE70BE018
:10136000029807F0B3F9012801D0FFE703E001A9D3
:1013700000200870FFE7FFE7FFE7FFE707A8007816
:1013800009283DDCFFE72548007807A90978CA004D
:101390002449895C884201D0FFE716E007A800785D
:1013A000C100204840184068002801D1FFE70BE049
:1013B00007A80078C1001B4840184268174901A8D7
:1013C000904769460870FFE7FFE7684600780628FF
:1013D00004D1FFE707A90020087010E068460078F4
:1013E000002801D1FFE705E0FFE70C490020087065
:1013F000FFE7FFE70798401C07A90870FFE7BDE774
:10140000FFE701A901200870002008720290FFE7A1
:10141000FFF7E2FB08B0B0BD78CC0108F40800206B
:10142000D8CC01087CCE010881B000900098024918
:10143000086001B07047C046A009002083B0024692
:1014400001A8027000910078002813D0FFE701A8DE
:10145000007801280ED0FFE701A80078032809D002
:10146000FFE701A80078022804D0FFE702A90020C6
:1014700008700EE0009908780F221040087001985B
:101480000201009908781043087002A90120087031
:10149000FFE702A8007803B07047000081B06946FA
:1014A000087000982249087001B070471B484088B6
:1014B000002801D1FFE704E018494888401E488011
:1014C000FFE716488088002801D1FFE704E01349B0
:1014D0008888401E8880FFE711484088002801D195
:1014E000FFE704E00E494888401E4880FFE70C48AB
:1014F0008088002801D1FFE704E009498888401E60
:101500008880FFE707480068002801D1FFE704E072
:1015100004490868401E0860FFE77047F80800208B
:1015200048090020A80900200149012008707047DF
:10153000A409002080B584B0039002910192039821
:10154000002804D0FFE70198002801D1FFE706E05A
:101550000398029907F0AAFE01990860FFE704B01A
:1015600080BD80B500F002F880BD000080B5A848BD
:101570000068002801D1FFE70DE0A5480068807EE3
:10158000002801D1FFE706E0A249012008720020EF
:1015900000F018F8FFE780BD82B00190009101983B
:1015A00000680099884206D9FFE7009A0199086807
:1015B000801A086003E0019900200860FFE702B08C
:1015C0007047000080B58CB00BA908709048006887
:1015D000002801D1FFE7BCE00BA800780A9004289E
:1015E00000D9B5E00A98810001A040588746C0465E
:1015F00005160108351601086F160108E3160108E3
:101600001B17010883490891002009900870487051
:101610000871C8704872887288714871C871887082
:10162000086148618861C8610884488450480AF0AC
:1016300097FE8EE0774906910120087048700020DF
:1016400007900871C8704872887288714871C871B3
:101650000872887008614861C861088448846C48D1
:1016600000684089886141480AF07AFE71E0694863
:101670000590022101704170002141728172C17197
:101680000172634A1368DB88036112681289426140
:1016900081610079012810D1FFE75E4904910020A3
:1016A000087130480AF05CFE049959480268128AB1
:1016B0004A840068808908840AE029480AF050FEBC
:1016C00054490020488452480068C0890884FFE7D4
:1016D00050490020C86124480AF042FE00F0D8FEBC
:1016E00037E04C4902910220087003204870002026
:1016F00003900871C87048728872C8710872444AB1
:1017000013689B8ACB611268D2890A840861886158
:10171000488412480AF024FE1BE03E490091022052
:10172000087004204870002001900871C870487249
:101730008872C8710872364A126812894A61086153
:101740008861C8610884488403480AF009FE00E003
:10175000FFE70CB080BDC04668D001085DD001082D
:1017600008D1010822D10108FBD0010851D001089D
:1017700046D00108274800787047C0462548407881
:101780007047C04682B001900091009A01990868A4
:101790008018086002B0704780B582B0019001984F
:1017A000002801D1FFE731E001981949086000F0F5
:1017B0005FFD0198407E17492C228854694600201D
:1017C0000870FFE7684600780199497E884217DA79
:1017D000FFE768460078801C07280BD8FFE70198D0
:1017E0006946097840182C22805C0A4A891826220A
:1017F0008854FFE7FFE70098401C69460870E1E75E
:1018000000F062FF0020FFF7DDFEFFE702B080BDC1
:101810006C0100207801002007480168491C016024
:1018200000680649884205D3FFE703497D20C000D0
:101830000860FFE77047C046F4090020E903000094
:10184000B0B592B011A90020087010A908700FA9B6
:1018500008700EA908700DA908700C904E48006819
:10186000002801D1FFE75AE24C4800680C900C9820
:1018700049490968C98A884201D2FFE74FE24648D0
:1018800000682021405C01286FD1FFE742480068D2
:10189000806A002869D0FFE73F4800682621415C44
:1018A0000EA801700078022804DBFFE70EA90120D2
:1018B0000870FFE711A900200870FFE711A8007861
:1018C0000EA9097888424FDAFFE733480168896A30
:1018D00011AB1D78032214466C4309194C7810A9EA
:1018E0000C700068806A1B785A43801882780FA8B1
:1018F00002700A782A498918497800780140481E00
:1019000081410DA801700078002808D1FFE711A8D7
:101910000078810022484118002048601EE011A88C
:101920000A9001781E48001D0B90890040180C9900
:10193000FFF732FE0A990B98097889004058002871
:101940000BD1FFE7F7480068806A11A90A780321E4
:101950005143405C00F01AFCFFE7FFE7FFE71198F6
:10196000401C11A90870A9E7FFE700F0ADFEEF48A1
:1019700040780990042800D9CCE10998810001A0A1
:1019800040588746A5190108DB1901084B1A0108C0
:101990006B1B0108651C01086C010020F409002084
:1019A00070010020E148807B012809D1FFE7DF4971
:1019B00001208870887108710220FFF703FEAAE1F8
:1019C000DA48C07B012807D1FFE7D8490020087119
:1019D0000220FFF7F7FD9EE19DE10C99D3480890A6
:1019E0001830FFF7D9FD08988069002812D1FFE769
:1019F000D4480AF0B5FCCD48807B002809D1FFE728
:101A0000CA48C07B002804D1FFE70020FFF7DAFDB9
:101A1000FFE780E1C548807B012809D1FFE7C34982
:101A200001208870887108710220FFF7CBFDFFE765
:101A3000BE48C07B012807D1FFE7BC4900200871E0
:101A40000220FFF7BFFDFFE765E10C99B74807905B
:101A50001430FFF7A1FD07984069002814D1FFE773
:101A6000B3480AF07DFCFC4800682021405C012856
:101A700004D0FFE7AD490020C873FFE7F6480068CF
:101A80000089AA494861FFE70C99A84806901030E0
:101A9000FFF782FD06980069002816D1FFE7A848E5
:101AA0000AF05EFCA148807B012805D0FFE79F4833
:101AB000C07B012804D1FFE70320FFF783FD03E08B
:101AC0000420FFF77FFDFFE725E10C99974805907B
:101AD0001C30FFF757FE0599C869098C88422BD343
:101AE000FFE7924904910020C86192480AF038FC4F
:101AF00092480AF035FC00F0CBFC0498F5490968DF
:101B000009894161408C00280FD0FFE78748418C4C
:101B1000491E4184408C002806D1FFE7ED4800684B
:101B2000C08982490884FFE705E0EA480068C08967
:101B30007E490884FFE7FFE77C48407A012801D10D
:101B4000FFE7FFE77948807A012801D1FFE7FFE747
:101B50007648807B012801D1FFE7FFE77348C07B0F
:101B6000012801D1FFE7FFE7D5E00C996F4803900A
:101B70001430FFF711FD03984069002814D1FFE7E6
:101B80006B480AF0EDFBD34800682021405C012837
:101B900004D0FFE765490020C873FFE7CD4800681F
:101BA000008962494861FFE70C99604802901C3047
:101BB000FFF7E8FD0298C069C6490968C9898842EB
:101BC0001BD3FFE75B480AF0CBFB58480021C161FB
:101BD0004079002805D0FFE75448807B01280BD1CD
:101BE000FFE755480AF0BCFB00F052FCB94800681A
:101BF00000894E494861FFE7FFE74C48407A0128D9
:101C000008D1FFE7494901200871C8700220FFF799
:101C1000D9FC80E04548807A012808D1FFE7434994
:101C200000200871C8700220FFF7CCFC73E03F4829
:101C3000807B012801D1FFE7FFE73C48C07B0128FA
:101C400001D1FFE7FFE73948807B002809D1FFE792
:101C50003648C07B002804D1FFE70420FFF7B2FC20
:101C600059E058E00C99314801901430FFF794FC8A
:101C700001984069002823D1FFE7EC480068202143
:101C8000405C012804D0FFE728490020C873FFE723
:101C90002648807B00280CD1FFE72448C07B002821
:101CA00007D1FFE722480AF05BFB0120FFF78AFC1F
:101CB00005E0DE48006800891C494861FFE7FFE74E
:101CC0001A48407A012808D1FFE718490120087115
:101CD000C8700220FFF776FC1DE01448807A0128C6
:101CE00008D1FFE7114900200871C8700220FFF7F2
:101CF00069FC10E00D48807B012804D1FFE7032038
:101D0000FFF760FC07E00948C07B012801D1FFE72D
:101D1000FFE700E0FFE7044900200860FFE712B09A
:101D2000B0BDC0466C010020F409002078010020FD
:101D3000BBD001088DD00108E5D00108CFD0010843
:101D400073D00108A2D0010884B002A90870F44839
:101D50000068002806D0FFE7F1480068806A002884
:101D600004D1FFE703A90120087033E0EC480068C4
:101D70002621415C684601700078022804DBFFE7F9
:101D8000694601200870FFE701A900200870FFE7FD
:101D900001A8007869460978884217DAFFE7F94810
:101DA0000068806A01A90A7803215143405C02A9B6
:101DB0000978884204D1FFE7019803A9087009E077
:101DC000FFE70198401C01A90870E1E703A9012081
:101DD0000870FFE703A8007804B0704783B0E948B3
:101DE0000068002804D1FFE702A9002008702EE057
:101DF000E44800682221415C6846017000780228AE
:101E000004DBFFE7694601200870FFE701A9002015
:101E10000870FFE701A8007869460978884212DA5D
:101E2000FFE701A80178D84840184078002804D07E
:101E3000FFE702A90120087009E0FFE70198401CB4
:101E400001A90870E6E702A900200870FFE702A8D0
:101E5000007803B07047C0466C01002083B0C948C9
:101E60000068002804D1FFE702A9002008702DE0D7
:101E7000C44800682221415C68460170007802284D
:101E800004DBFFE7694601200870FFE701A9002095
:101E90000870FFE701A8007869460978884211DADE
:101EA000FFE701A80178F148405C002804D0FFE773
:101EB00002A90120087009E0FFE70198401C01A970
:101EC0000870E7E702A900200870FFE702A8007881
:101ED00003B070476C01002081B069460020087093
:101EE000FFE768460078002811DCFFE76A461378B0
:101EF000DE490020C8541378CB185870127889181E
:101F00008870FFE70098401C69460870E9E7694659
:101F100000200870FFE768460078002810DCFFE723
:101F20006A461078D1490B180020D87012789200B8
:101F300089184860FFE70098401C69460870EAE786
:101F400001B07047B0B586B0059004A8017003A930
:101F50000020087002A9087001A90870694608707D
:101F60000598002801D1FFE75DE0BF480068002820
:101F700001D1FFE757E0BC480068806A002801D122
:101F8000FFE750E003A900200870FFE703A80078EE
:101F9000B54909682622895C884241DAFFE7B249DF
:101FA0000868806A03AB1D78032214466C4300194D
:101FB0004478684604700968896A1B785A4389180E
:101FC000897802AA1170007804A90978884201DB97
:101FD000FFE720E0059869460978415C01A8017097
:101FE000007802A909780840884213D1FFE7029BD4
:101FF000684600789D490A185078184350709A48EE
:102000000068808C03AA127892008918486000F05A
:1020100089F8FFE7FFE70398401C03A90870B5E7BC
:1020200000F052FBFFE706B0B0BDC0466C010020D7
:1020300070B58AB0009101460098099108A908700E
:1020400007A80023037006AD2B7005A8037004AA2F
:10205000137003AC237002AC237001AC2370824B6D
:102060001C682626A45D2C701C682125645D047004
:102070001B6822241B5D1370007812788018097881
:10208000884201DDFFE748E007A900200870FFE76C
:1020900007A8007806A9097888423EDAFFE7FA48DF
:1020A00001688B6A07AA157803210C466C431B193B
:1020B0005B7802AC23700068806A12785143401844
:1020C000807803A9087005980299411801A8017049
:1020D000007808A90978884201DBFFE718E0039B34
:1020E000099901A80278885C9843885402A801786D
:1020F0005E48405C03A90978084208D0FFE7039BCB
:10210000099901A80278885C18438854FFE7FFE723
:102110000798401C07A90870BAE70AB070BDC0460E
:102120006C01002082B0D8480068002801D1FFE788
:1021300026E0D54800682221415C6846017000789D
:10214000022804DBFFE7694601200870FFE701A9C8
:1021500000200870FFE701A80078694609788842E6
:102160000EDAFFE701A8027840488118805C4A78BF
:1021700010438870FFE70198401C01A90870EAE746
:1021800002B070476C01002070010020B0B588B02B
:1021900006A90870BC480068002804D1FFE707A919
:1021A000012008705CE0B84800682021405C0128EC
:1021B00004D0FFE707A90120087051E006A80078C5
:1021C000FFF7C2FD014605A801700078012804D17F
:1021D000FFE707A90120087042E0AB480168896A5F
:1021E00005AB1D78032214466C430919497804ACE9
:1021F00021700168896A1B785A438918897803AA73
:10220000117000682221415C02A801700078022848
:1022100004DBFFE702A901200870FFE704A80078AB
:1022200002A90978884204DBFFE707A901200870AA
:1022300016E0039B04A801780C4842185178994392
:10224000517005A909788900411800200190486063
:10225000FFF768FF00F038FA019807A90870FFE758
:1022600007A8007808B0B0BD6C0100207001002004
:1022700080B584B085490191002002908870087172
:10228000C87048728872C872087348738873C873BC
:1022900048718871C8710872086148618861C861B5
:1022A000088448842C22885403A90870FFE703A8F7
:1022B000007807280DD8FFE703A80178F3484118F4
:1022C000242200208854FFE70398401C03A90870CB
:1022D000EDE7FFF701FE04B080BDC04680B582B0D7
:1022E00001AA108000910098002801D1FFE703E0C7
:1022F000009800F003F8FFE702B080BD80B588B019
:10230000079006A90020087005A9087004A90870A4
:1023100003A9087002A9087001A90870694608702D
:10232000E8480068002801D1FFE7ABE007980028E3
:1023300001D1FFE7A6E007980068002801D1FFE778
:10234000A0E00798007A012801D8FFE79AE0F94851
:1023500000682021405C01280FD1FFE7F5480068A4
:102360002621405C002806D0FFE7F2480068806A1A
:10237000002801D1FFE785E0FFE7079800680078B3
:1023800004A9087007980068417805A801700078D2
:102390000121084001A90870E64800682021405C3E
:1023A000012810D1FFE705A8007840210840402807
:1023B00004D0FFE702A90020087003E002A9012071
:1023C0000870FFE7FFE7DB4800682021405C012838
:1023D0001BD1FFE702A80078012815D1FFE7079875
:1023E0000068D449096821228A5C80182222895C0D
:1023F000FFF7A8FDD048407B012804D1FFE76946DC
:1024000001200870FFE7FFE703E06946012008703C
:10241000FFE768460078012834D1FFE701A800787B
:10242000012804D1FFE7C44901208872FFE7C148B1
:1024300000682021405C012804D0FFE7BE4901204C
:10244000C873FFE7BC480078002805D0FFE7BA480A
:10245000007801280AD1FFE7B7488078012804D026
:10246000FFE7B54902208870FFE7FFE7B248007830
:10247000022806D1FFE7AF4800680089AE494861ED
:10248000FFE7FFE708B080BD6C0100207801002065
:1024900080B586B003A8019003A900200870A54864
:1024A0000068002804D1FFE705A901200870E8E0D2
:1024B000A0480068007E092804D3FFE705A9012091
:1024C0000870DEE09B4800682021405C012812D1A2
:1024D000FFE7984800682621405C002806D0FFE707
:1024E00094480068806A002804D1FFE705A901200C
:1024F0000870C6E0FFE790484079012809D1FFE75E
:102500008D48807B002804D1FFE705A901200870D1
:10251000B7E088480068807E012809D1FFE7864837
:10252000007A012804D1FFE705A901200870A8E07E
:102530008148C079012804D1FFE705A9012008706E
:102540009FE07C48006801797B4824228154C07850
:10255000012807D1FFE7019800680121084303A97A
:102560000870FFE774488079012807D1FFE70198D8
:1025700000681021084303A90870FFE76D48006850
:102580002021405C012807D1FFE701980068402125
:10259000084303A90870FFE70198016866482522EF
:1025A00081542430634900910968097EFFF740FD9A
:1025B000009800682021405C01283BD1FFE75E487D
:1025C000407802280CD1FFE75A480068C069437878
:1025D0000178594841182422885C184388540BE03C
:1025E00054480068C0694378017853484118242250
:1025F000885C98438854FFE74F48807801280CD1C5
:10260000FFE74C480068C069C37881784A484118A0
:102610002422885C184388540BE046480068C0694F
:10262000C3788178444841182422885C98438854B0
:10263000FFE7FFE740488078002804D0FFE73E49E5
:1026400000208870FFE73C4A0120D07139480168BA
:102650000868097E243200F071F8014604A8017070
:102660000078002804D0FFE733490020C87103E058
:10267000314900208871FFE70198406805A908707A
:10268000FFE705A8007806B080BDC04678010020AD
:1026900080B582B0014601A80180008800F002F8F0
:1026A00002B080BD81B069460880224800680028D9
:1026B00001D1FFE703E020490020C871FFE701B026
:1026C0007047C0466C01002080B582B01948006890
:1026D000002801D1FFE72BE0164800682021405C6C
:1026E00001280CD1FFE7FFF7B9FB134901910873EB
:1026F000FFF774FB01994873487BC87304E00E49E7
:10270000002008734873FFE70B48C17A01200129B4
:10271000009007D0FFE70848007B401E4142484137
:102720000090FFE700980121084003498873FFE704
:1027300002B080BD6C0100207801002080B586B019
:10274000049003A8017002920298002804D1FFE7C8
:1027500005A90120087013E0049903A803780298E2
:1027600000900022104606F00DFA012804D1FFE780
:1027700005A90020087003E005A901200870FFE703
:1027800005A8007806B080BD80B58EB00D900C9184
:102790000B9209A90020087008A908800C20049059
:1027A00074200AAA039202F07FFB039800780028A5
:1027B0004FD1FFE708A800880D2849D3FFE70AA8F2
:1027C0000290009074200C2105AA08AB02F0CEFB09
:1027D0000298007800280AD1FFE708A800880C2892
:1027E00004D1FFE709A901200870FFE7FFE709A866
:1027F000007801282BD1FFE70DA801880C9A0AA8C0
:1028000001900090742008AB02F0B0FB01980078B2
:1028100000281BD1FFE708A800880D99884214D131
:10282000FFE70D98069988420ED3FFE709A901201A
:1028300008700B99079888600698486005980860AA
:10284000079879490860FFE7FFE7FFE7FFE7FFE741
:10285000FFE709A800780EB080BDC04680B58EB0F5
:102860000D900C910B9209A90120087004A9002079
:102870000880082003900C98092804D3FFE709A9D1
:10288000002008703AE0722004A90AAA029202F01D
:10289000B8FA0298007800282FD1FFE70C9808308A
:1028A00004A90988884227D8FFE70D9806900C985C
:1028B0000590722005A908220AAB019303F0D3FA10
:1028C00001980078002804D0FFE709A900200870CB
:1028D00011E00B9905A8028872200AAB009303F05F
:1028E000C2FA00980078002804D0FFE709A9002068
:1028F0000870FFE7FFE7FFE7FFE7FFE709A80078B9
:102900000EB080BD80B590B00E900D910C920BA9C9
:102910000020087009A9088008A90880079006907F
:10292000059004900820039072200AAA029202F0F7
:10293000BBFA0298007800284CD1FFE708A800886D
:10294000082847D3FFE70AA80190009072200821C9
:1029500004AA09AB02F00AFB01980078002838D1DC
:10296000FFE708A80088082832D3FFE704AA1188E7
:1029700008320AA80090722008AB02F0F7FA059816
:1029800005F0A4FE012804D0FFE70FA9002008707D
:1029900024E005980E99086004980D9908700BA919
:1029A00000200870FFE70BA80078049988420BD23A
:1029B000FFE70BA90B7804A8C018007A0C9AD05432
:1029C0000B98401C0870EEE70FA90120087005E085
:1029D000FFE7FFE70FA900200870FFE70FA80078C6
:1029E00010B080BD80B582B001A9002008700D48EC
:1029F0000068002801D1FFE706E00A480068804728
:102A0000094900200860FFE701F082FF014601A8A4
:102A100001700078012801D1FFE700E0FFE702B074
:102A200080BDC046980900201C06002010B592B059
:102A3000149C10900FA8049001800E920D930AA888
:102A40005521082202F02CFD049809AA00211180CA
:102A5000142105910088092804D3FFE711A900205B
:102A600008704BE0742009A90CAA039202F0C9F97E
:102A700003980078002805D1FFE709A800881328EB
:102A800004D8FFE711A90120087037E010980690DC
:102A9000082007900D9808900E990FA802880AA8A0
:102AA00002F008FC742006A90C220CAB029303F080
:102AB000DAF902980078002808D0FFE774200CA902
:102AC00007F0E7FE11A90020087017E074200AA99A
:102AD00008220CAB019303F0C6F901980078002896
:102AE00008D0FFE774200CA907F0D3FE11A900203D
:102AF000087003E011A901200870FFE711A8007811
:102B000012B010BD83B0009101460098029101A956
:102B100008700298D8228058097801228A40104013
:102B2000C84003B0704783B00091014600980291FD
:102B300001A908700298CC228058097801228A40A5
:102B40001040C84003B0704781B00090009A03491C
:102B500008681040086001B07047C0460458004043
:102B600082B00190009100980199086502B0704709
:102B700082B00190684601700078402801D3FFE7D9
:102B800016E0684600781F2808D8FFE768460178F5
:102B90000120884001999822885008E06846017811
:102BA00020390120884001999C228850FFE7FFE7E7
:102BB00002B0704782B0014601A801706A46002148
:102BC00011700078192808D3FFE701A800780F30AA
:102BD00000090B306946087011E001A80078092847
:102BE00008D3FFE701A80078C01C8008801D694653
:102BF000087003E0019869460870FFE7FFE7684640
:102C0000007802B07047000080B586B0059004914E
:102C10000392029301A90020087069460870049885
:102C2000002801D1FFE766E0059800F067F901A9E7
:102C30000870FFE7684600781F280ED8FFE7049861
:102C40006946097841181120020100208854FFE7E5
:102C50000098401C69460870ECE76946002008703F
:102C6000FFE7684600783F280ED8FFE704986946DA
:102C7000097841181320020100208854FFE70098CA
:102C8000401C69460870ECE70499172002010020F7
:102C900088540499FF227232885401A800780028D1
:102CA00007D1FFE7049801A909788A0013498850E1
:102CB00000E0FFE7039804990860029804994860CF
:102CC00004980068002807D0FFE705980721CA0587
:102CD000002100F039F805E005980721C90500F04A
:102CE0000FF8FFE717200F2102F0DDFC18200E215E
:102CF00002F0D9FCFFE706B080BDC046C80900203D
:102D000082B001900091009A0199486D9043486506
:102D100002B0704782B001906846017000780123CC
:102D200083400199E02288589843885002B0704748
:102D300081B00090009A034908681043086001B010
:102D40007047C0460058004083B002900191009245
:102D50000198012282400299C86D1043C86501980C
:102D6000002806D1FFE7009A0299886D9043886594
:102D700005E0009A0299886D10438865FFE7009A84
:102D80000299486D1043486503B0704782B00190C6
:102D9000684601700078012383400199E022885839
:102DA0001843885002B0704781B00090009988693C
:102DB000012210438861FFE700988069C00700285E
:102DC00001D1FFE7F8E70099886902221043886182
:102DD00001B0704781B0009000998869012290434A
:102DE0008861FFE700988069C007002801D1FFE7EC
:102DF000F8E701B0704780B584B00390029101A854
:102E000002700298002805D0FFE701A8007820286A
:102E100001D3FFE713E0039801A900910978FFF7B8
:102E200079FF00990398097800F0C2FF0099029891
:102E3000097841181120020100208854FFE704B0EE
:102E400080BD80B584B00390029101A80270029801
:102E5000002805D0FFE701A80078402801D3FFE74C
:102E600013E0039801A900910978FFF781FE009A09
:102E70000298117889004118002088600299127820
:102E80008918132212018854FFE704B080BD80B571
:102E900084B0039002A801700192019800280AD022
:102EA000FFE702A80078002806D0FFE702A8007814
:102EB000012801D0FFE71EE002A80078012805D113
:102EC000FFE703981021FFF71BFF04E0039801219F
:102ED000FFF716FFFFE7019802AA11788900411851
:102EE0002120C3000020C8500199127889181722A8
:102EF00012018854FFE704B080BD000082B0019049
:102F000000200090FFE7009800280FD1FFE700980D
:102F10008100084840580199884201D1FFE705E047
:102F2000FFE7FFE70098401C0090ECE7009802B034
:102F30007047C04660CF010884B0039002A80170BA
:102F40000021019100910078402803D3FFE7002081
:102F500000901FE00398BC2140584005400F0190AD
:102F60000198042804D8FFE70198001D019004E0AF
:102F7000019880000A380190FFE70398AC2140587F
:102F80004B49084002A90A78019951438900401829
:102F90000090FFE7009804B07047C04683B00290ED
:102FA0000020019000900298BC2140580721084061
:102FB00000900098042804D8FFE70098001D0090B6
:102FC00004E0009880000A380090FFE70298A021F2
:102FD00040583749084001900298A4214058800485
:102FE000810E009848438100019840180190019893
:102FF00003B0704783B002900020019000900298C7
:10300000BC2140584006400F00900098042804D886
:10301000FFE70098001D009004E0009880000A3847
:103020000090FFE70298B0214058214908400190E4
:103030000298B42140588004810E009848438100D2
:10304000019840180190019803B0704784B0039034
:1030500002A801700021019100910078202803D37B
:10306000FFE7002000901FE00398C8214058072187
:10307000084001900198042804D8FFE70198001D3A
:10308000019004E0019880000A380190FFE703985E
:10309000C02140580649084002A90A7801995143C5
:1030A000890040180090FFE7009804B07047C046C0
:1030B000FCFF0000B0B588B00790069105A911206B
:1030C00008700020049003A90870FFE703A80078A7
:1030D0003F283FD8FFE7079803A9097800F09AF93D
:1030E000002830D0FFE70798406D0003C00F00288C
:1030F00027D0FFE7079803A902910978069A8B0069
:10310000D218926800F0BEF9029A079806991278D0
:10311000FFF797FE02980078049005A90320087035
:103120000698006800280AD0FFE706990C680798FF
:1031300005AA1278049B4D680095A04700E0FFE7C0
:1031400000E0FFE700E0FFE7FFE70398401C03A96A
:103150000870BBE708B0B0BD80B584B003900291A1
:1031600002980E300190039800F0F7FA0298807AE6
:10317000012810D1FFE703998869802210438861F4
:1031800003998869202210438861039908691022F5
:103190001043086100E0FFE70298C07A01280BD1D4
:1031A000FFE70399886980221043886103990869C1
:1031B00010221043086100E0FFE70298007B01281D
:1031C00006D1FFE70399886920221043886100E057
:1031D000FFE70398019900F047FB0298007A012865
:1031E00007D1FFE703998869012212021043886121
:1031F00000E0FFE70298407A012848D1FFE70399F1
:103200008869012213021843886103998869520270
:10321000104388610398019900F06EFB0298807A50
:10322000002832D1FFE70298C07A00282DD1FFE7AD
:103230000399C8680122D2051043C8600399886CBD
:103240007F221202904388640198417A891CC088C9
:10325000401C48437E2810D8FFE70199487A801C1B
:10326000C9884A1C42430399886C5206520C7F233A
:103270001B0298438018886406E00399886C7F22BB
:10328000120210438864FFE700E0FFE700E0FFE779
:1032900004B080BDB0B588B00C9C0790069105A81D
:1032A0000270049303AA00211170049902AA1170FC
:1032B00000780190012808D0FFE7019803283ED04C
:1032C000FFE7019810287AD089E003A90020087050
:1032D000FFE703A80078092830DCFFE703A800789F
:1032E000C1004548405C002822D0FFE7069803A9AA
:1032F0000978401811210901405C002818D1FFE726
:1033000003A80078C2003C49002088543B4800686C
:1033100000280CD0FFE73948046803A80078C200F1
:1033200035498918496800231A46A047FFE7FFE797
:10333000FFE70398401C03A90870CAE750E007980C
:1033400002A90978284A294B00F0C2F928480068E8
:10335000002833D0FFE7254800684000C00F002850
:1033600011D1FFE72248046802A800781F4B1968B2
:10337000204A1140890C9D790F221540D34A525D95
:103380000833A04719E0194800684000C00F002822
:1033900011D0FFE71648046802A80078134B19689B
:1033A0000722520791439D790F221540C74A525D6B
:1033B0000833A04700E0FFE7FFE7FFE710E006F073
:1033C00035FB08480068002808D0FFE70548046876
:1033D0000023184619461A46A047FFE700E0FFE71A
:1033E00008B0B0BDB8010020E401002008080020AA
:1033F000BC0100200000FC1F50080020C00100207C
:1034000081B00090024800680099084001B0704700
:103410000458004083B0029001A801706A46002160
:1034200011700078402801D3FFE726E001A800785A
:103430001F2810D8FFE702989821405801A9097861
:10344000C840C007002804D0FFE769460120087083
:1034500000E0FFE710E002989C21405801A909789C
:103460002039C840C007002804D0FFE76946012082
:10347000087000E0FFE7FFE7FFE76846007803B069
:103480007047000080B586B0059004A801700392D3
:103490000020029001A90870694601200870039875
:1034A000002804D1FFE76946012008703EE0059836
:1034B00004A90978FFF740FD83494018029001A94B
:1034C00000200870FFE701A8007801280DD8FFE769
:1034D000029801A909788A00805803998850FFE76B
:1034E0000198401C01A90870EDE701A900200870AF
:1034F000FFE701A8007803998A790F210A407349F0
:10350000895C88420EDAFFE7029801A90A788018E0
:10351000007A039989180872FFE70198401C01A9F5
:103520000870E6E7694600200870FFE76846007803
:1035300006B080BD80B586B0059004A801700392E6
:103540000021029101AA11706A46012111700078D0
:10355000002805D0FFE704A80078012804D1FFE780
:103560000398002804D1FFE7694601200870A7E00E
:1035700004A80078002851D1FFE70598A4214058FD
:103580004006002845D0FFE70598FFF707FD4E49A4
:103590004018029001A900200870FFE701A80078F8
:1035A00001280DD8FFE7029801A909788A00805800
:1035B00003998850FFE70198401C01A90870EDE7C6
:1035C00001A900200870FFE701A8007803998A7913
:1035D0000F210A403D49895C88420EDAFFE70298D4
:1035E00001A90A788018007A039989180872FFE700
:1035F0000198401C01A90870E6E70598A4214058ED
:103600008004800E0599A822885069460020087021
:1036100003E0694601200870FFE750E00598B421F7
:1036200040584006002845D0FFE70598FFF7E2FC28
:10363000E6494018029001A900200870FFE701A8A0
:10364000007801280DD8FFE7029801A909788A00BF
:10365000805803998850FFE70198401C01A9087021
:10366000EDE701A900200870FFE701A800780399A1
:103670008A790F210A401549895C88420EDAFFE7F2
:10368000029801A90A788018007A039989180872AB
:10369000FFE70198401C01A90870E6E70598B421EE
:1036A00040588004800E0599B82288506946002051
:1036B000087003E0694601200870FFE7FFE7FFE7B5
:1036C0006846007806B080BD005C00401400002011
:1036D00010B586B0059004A801700392029301AA68
:1036E0000121117000783F2808DCFFE703980028CB
:1036F00004D0FFE70298002804D1FFE701A90120C8
:10370000087026E0039804A90978401813210901DC
:10371000405C002818D1FFE7039804AB19784018E3
:1037200013210A01012181540298039A1B789B00FE
:10373000D21890600598CA0400210091FFF704FB9D
:10374000009801A9087003E001A901200870FFE7B3
:10375000FFE701A8007806B010BD81B00090009985
:103760008869012210438861FFE700988069C007DB
:10377000002801D1FFE7F8E7009988690222104389
:10378000886101B0704780B586B0059004910392BE
:1037900002A9012008700498002809D0FFE70398C7
:1037A000002805D0FFE703980079402804D3FFE7FD
:1037B00002A90120087053E0049803990979401880
:1037C00011210901405C002845D1FFE703980068FA
:1037D00000688000C00F002809D0FFE70498039913
:1037E00009794118112002010420885408E0049846
:1037F0000399097941181120020103208854FFE739
:103800000598039A1179126800F0DEFA002815D1A4
:10381000FFE7059803990979FFF7B8FA05980121A0
:103820004A0200210191FFF78FFA0598039909795F
:1038300000F0B2FA019802A908700BE0049803990D
:1038400009794118112002010020885402A90120A1
:103850000870FFE703E002A901200870FFE7FFE717
:1038600002A8007806B080BD10B582B0019000912A
:103870000098002801D1FFE729E001990020C861E4
:10388000009802790199C8697F231A4098438018EB
:10389000C8610098C2780199C8691202FF24240205
:1038A000A0438018C861009802880199C869D205B0
:1038B000D209084C20408018C8610098827801998C
:1038C000C86952065B0698438018C861FFE702B0DA
:1038D00010BDC046FFFF00FE82B001906846017037
:1038E000027801998869D207520E402398438018C4
:1038F000886102B070470000F0B582B0019000917D
:103900000098002804D0FFE70198002801D1FFE7C4
:1039100039E00199C8680F27FE433040C86001991B
:10392000C868F022D5432840C8600199C868174C80
:103930002040C8600199C868154B1840C8600098BD
:10394000027A0199C8683A4030408018C8600098EF
:10395000827A0199C8681207120E28408018C86040
:103960000098427A0199C868D206D20C204080188B
:10397000C8600098C2880199C868D206D20A184067
:103980008018C860FFE702B0F0BDC046FFE0FFFF4F
:10399000FFFFE0FF85B00490039102A802700021B0
:1039A000019100780090049800680099C9004018BF
:1039B00053494018019003980068019908600398E2
:1039C00040680199486005B07047C046005C0040FF
:1039D00010B582B0019000910098007A00282BD198
:1039E000FFE70098437A019980228858DB079B0FF4
:1039F0000224A043C01888500098837A01998858FF
:103A00009B079B0E3024A043C01888500098036881
:103A10000199842288585E4C23405E4C2040C01897
:103A2000885000980379019988581B04FF242404C6
:103A3000A043C01888502AE00098437A0199802258
:103A4000885801242340A043C01888500098837AE6
:103A5000019988589B071B0F0C24A043C01888505D
:103A600000980368019988228858494C2340494CA2
:103A70002040C018885000984368019988585B0618
:103A80005B0A7F242404A043C0188850FFE702B0DB
:103A900010BDC04610B582B0019000910098036837
:103AA0000199AC2288583A4C23403A4C2040C01827
:103AB0008850009803790199BC2288585B075B0DF8
:103AC00007242402A043C018885002B010BDC0468D
:103AD00085B00490039102A8027000210191007842
:103AE0000090049800680099890040180449401823
:103AF0000190039800680199086005B07047C046BE
:103B0000005C0040B0B583B0029001910199486813
:103B100089684018212801D3FFE736E0019803683F
:103B20000299C02200928858194C2340194C204019
:103B3000C018885001984368029988589B069B0AD0
:103B40003F242504A843C01888500198836802992F
:103B500088589B069B082406A043C01888500198EB
:103B6000037B02998858DB075B080124A407A04364
:103B7000C01888500198437B0299C82288580724AE
:103B80002340A043C0188850FFE703B0B0BDC04633
:103B9000FCFF00000300FFFFB0B58AB00990089158
:103BA00007A91120087000200690059004A908704C
:103BB0000898002801D1FFE7EAE00998006D069017
:103BC000FFE706A840888005400F002809D0FFE7DE
:103BD00006980721C9050840059007A9102008701C
:103BE000A1E006A840788007002836D5FFE704A9A1
:103BF00000200870FFE704A800780999C0228958BE
:103C00008902890E884222DAFFE7099804A9097817
:103C1000FEF778FF002813D0FFE70998E02140580D
:103C200004A90978C840C007002807D0FFE7099811
:103C3000089904AA1278FFF7DEF800E0FFE700E039
:103C4000FFE7FFE70498401C04A90870D3E70120B0
:103C50004102059107A9087064E006A80078C00732
:103C6000002814D0FFE7099808992122D2008A5829
:103C700000210391FFF75EFC03990120059007AA3C
:103C8000052010700998089AFFF701F949E006A885
:103C900000780007002805D5FFE70820059007A950
:103CA00008703DE006A80078C006002814D5FFE79C
:103CB00009980899432292008A5801210291FFF73E
:103CC00039FC02991020059007AA0A201070099863
:103CD000089AFFF7DCF822E006A800780006002822
:103CE00006D5FFE78020059007A90D20087015E094
:103CF00006A880780007002808D5FFE709980899EA
:103D0000FFF7D8F907A90320087006E00698059088
:103D10000598204908400590FFE7FFE7FFE7FFE728
:103D2000FFE7FFE7FFE707A80078032806D1FFE7D2
:103D300009980121C904FEF713FF04E009980599C9
:103D4000FEF70EFFFFE707A80078032811D0FFE772
:103D50000898006800280AD0FFE708990C680998BD
:103D600007AA1278059B4D680095A04700E0FFE781
:103D700000E0FFE707A911200870002005900998CE
:103D8000006D0690FFE70698002800D019E7FFE7CE
:103D90000AB0B0BD66FD77FC82B001906846017044
:103DA0000178012088400199D022885002B07047E4
:103DB00082B0019068460170017801208840019925
:103DC000D422885002B0704780B59CB01B901AA8CE
:103DD0000170199218A90120087000200190179015
:103DE000169015A9087014A9087013A9087003A8E3
:103DF0004021FBF796FD019802901998002804D104
:103E0000FFE718A9012008707CE01B981AA909781F
:103E1000FEF789FE002870D1FFE71B981AA90978E0
:103E2000FFF714F939494018179017980830169081
:103E300015A900200870FFE715A8007801280DD803
:103E4000FFE7199815A909788A00805817998850B2
:103E5000FFE71598401C15A90870EDE719988179BE
:103E60000F2001402A48405C14A90870FFE714A8FD
:103E7000007813A9097888421ADDFFE713A80078B3
:103E80001999097B884208DAFFE71998806813A915
:103E90000A78805C03A9885405E013A8027803A976
:103EA00000208854FFE71398401C13A90870DEE730
:103EB00003A8029015A900200870FFE715A8007854
:103EC00019998A790F210A401149895C884210DAD0
:103ED000FFE702980068169908601698001D169072
:103EE0000298001D0290FFE71598001D15A90870A3
:103EF000E4E718A90020087003E018A90120087061
:103F0000FFE7FFE718A800781CB080BD005C004008
:103F10001400002080B503490020087002F02CFD39
:103F200080BDC046F07F00205A48704780B588B0F9
:103F30005748069057480590574900200870059843
:103F40000699E422FBF7D4FC7D20800007A9042217
:103F500000F0B6F807985149884210D0FFE705995C
:103F60000020E42200F0F4F84C4807907D20800007
:103F700007A9042200F0ECF800F0CAF881E00599E6
:103F80000A310A2004901322009200F089F8009A66
:103F900005993F313F2000F083F80599683168208A
:103FA0001D22019200F07CF80599853185201E22A2
:103FB00000F076F80599A331A3200422039200F0C3
:103FC0006FF80599A731A720112200F069F805992B
:103FD000B831B8201022029200F062F8039A0599D5
:103FE000C831C82000F05CF80198049A05991D3189
:103FF00000F056F8049B0599069A002000F0F6FAA6
:10400000029B05995231069A5232522000F0EEFA84
:10401000039B05993B31069A3B323B2000F0E6FAC0
:10402000049B05992731069A2732272000F0DEFAF3
:1040300005996231069A62326220062300F0D6FAB0
:10404000049B05993131069A3132312000F0CEFAC5
:10405000049B0599D031069AD032D02000F0C6FAE0
:10406000049B0599DA31069ADA32DA2000F0BEFABA
:1040700009480078002803D0FFE700F049F8FFE77F
:10408000FFE70599CF220020885408B080BDC046C4
:1040900008CD010858030020CE090020214D564EBE
:1040A00080B584B00092024600980392029101AA62
:1040B000107003980299127800F002F804B080BDE5
:1040C00085B00490039102A8028004985D494018CD
:1040D00001900398002801D1FFE716E0694600200F
:1040E0000880FFE76846008802A9098888420CDA40
:1040F000FFE7019869460A88805C03998854FFE7C6
:104100000098401C69460880ECE705B07047C0463F
:1041100080B584B07D2081004A4805F0C7F803903F
:104120003F20C00003A9042200F012F8014602A8B3
:1041300001700078002804D0FFE702A80078019001
:1041400002E000200190FFE7019804B080BDC04666
:1041500010B5FFB08FB08C908B918AA8027089A99E
:1041600000200870102084904020839008208290C6
:104170008B98002808D0FFE78C988AA90978401806
:104180002F49884204D3FFE78DA90120087052E02F
:104190000120420202A800902A490191FBF7A8FBE6
:1041A00000988C9940188B998AAA1278FBF7A0FB8B
:1041B00072B600F0EBFD07F089FC019800F004FDF9
:1041C000014688A801700078002804D0FFE789A97B
:1041D00001200870FFE789A80078002824D1FFE7B4
:1041E00002A885901748869000208790FFE787985F
:1041F000072818D8FFE78698859A032100F01CFD50
:10420000002805D0FFE78998401C89A90870FFE7BE
:10421000869840308690859840308590FFE7879853
:10422000401C8790E3E7FFE700F000FD62B6899845
:104230008DA90870FFE78DA800787FB00FB010BD82
:10424000010200000000040880B588B006AB1880A9
:1042500005910492FFF768FE039002A90020087000
:104260000398002808D0FFE70598002804D0FFE74E
:104270000498002804D1FFE70020C043079050E1D4
:1042800006A800880190A8494018022800D22FE112
:104290000198A649884200D188E00198A449884243
:1042A00072D0FFE70198A349884276D0FFE70198D2
:1042B000A149884200D1E7E00198A049884200D195
:1042C0008EE001989E49884255D0FFE701989D49AC
:1042D000884248D0FFE701989B49884200D191E08D
:1042E00001989A49884200D1ADE0019898498842E6
:1042F00000D19FE00198F549884200D1B4E00198CF
:104300009449884200D18CE001989349884200D1B9
:10431000CBE001989149884200D1BDE001989049D5
:10432000884266D0FFE701988E49884200D1C5E0F7
:1043300001988D49884200D1C9E001988B49401805
:10434000022800D2D4E001988949884200D194E043
:1043500001988849884200D1CAE00198FF210902EA
:1043600088422CD0D6E004980A220260059803996E
:10437000FBF7BEFAD2E00498132202600598039975
:104380000A31FBF7B5FAC9E004980A2202600598E1
:1043900003991D31FBF7ACFAC0E004980A220260D1
:1043A000059803992731FBF7A3FAB7E004980A228E
:1043B0000260059803993131FBF79AFAAEE004994F
:1043C000042008600599039A10463B303B23D25CD9
:1043D0000A70C278CA7082788A70407848709DE00E
:1043E000049813220260059803993F31FBF780FA85
:1043F00094E0049810220260059803995231FBF76B
:1044000077FA8BE00499032008600599039A104617
:1044100062306223D25C0A7082788A704078487079
:104420007CE004981D220260059803996831FBF72F
:104430005FFA73E004981D220260059803998531A4
:10444000FBF756FA6AE00499042008600599039A7C
:104450001046A330A323D25C0A70C278CA70827857
:104460008A704078487059E00498112202600598DB
:104470000399A731FBF73CFA50E00499012008604A
:1044800005990020087049E004990120086003F0B4
:104490004FFA0599087041E004980A2202600598D5
:1044A0000399D031FBF724FA38E004980A2202601D
:1044B00005980399DA31FBF71BFA2FE004981022D4
:1044C000026005980399B831FBF712FA26E00499C7
:1044D000042008600599039A1046C830C823D25CAE
:1044E0000A70C278CA7082788A704078487015E085
:1044F00006A80088059902AA00F0DEFA002804D078
:10450000FFE70020C04307900BE002A80078049961
:10451000086003E00020C043079002E000200790FD
:10452000FFE7079808B080BD00FEFFFF50F10000D4
:1045300080F1000082F1000086F1000087F10000A8
:1045400088F1000089F100008AF100008BF1000081
:104550008CF1000091F1000093F1000095F1000052
:1045600097F1000098F1000099F10000130EFFFF91
:10457000EFF1000019FA000080B584B019480190ED
:104580001949A731A7201122FFF7E2FD014602A831
:1045900001700078002804D0FFE70020C04303909A
:1045A0001CE07D20800001A90422FFF7D1FD014617
:1045B00002A801700078002804D0FFE70020C04363
:1045C00003900BE0FFF7A4FD002804D0FFE70020D4
:1045D000C043039002E000200390FFE7039804B07B
:1045E00080BDC046214D564E5803002010B58EB0F8
:1045F0000D900C910B920AA803700078212801DB22
:10460000FFE720E00D980AA900910A7802A901911C
:10461000FFF756FD009A0C980B991278FBF768F992
:10462000009A01980B991278FBF786F900280AD0B6
:10463000FFE70D980B990AAA1278FFF789FD034945
:1046400001200870FFE70EB010BDC046CE09002063
:1046500080B586B004AB1880039102A80270FFF702
:1046600063FC01900198002804D0FFE7039800281C
:1046700004D1FFE70020C043059024E004A800888F
:104680001249884204D0FFE70020C04305901AE099
:1046900002A80078112804D0FFE70120C04305904C
:1046A00011E00198A73003991122FBF721F9FFF7D8
:1046B00063FF002804D0FFE70220C043059002E01A
:1046C00000200590FFE7059806B080BD90F100003E
:1046D00081B00090009A0F200007824302490868C9
:1046E0001043086001B070470400024010B582B06A
:1046F000019000910098027A01990868D207D20EC1
:1047000010239843801808600098027D019908687A
:10471000D207920E20239843801808600098827D6B
:1047200001990868D207520C01239B039843801813
:1047300008600098427D019908689207920C032353
:104740001C03A043801808600098827C01990868C7
:10475000D207120E8024A043801808600098C27C03
:1047600001990868D207520E4024A04380180860BF
:104770000098027C019908689207120D9C02A043E0
:10478000801808600098427C019908689207920D91
:104790001B029843801808600098C068019948601F
:1047A000009800680199C860009840680199886085
:1047B00002B010BD81B000900099086801229043BA
:1047C000086001B0704781B000900099086801222C
:1047D0001043086001B0704780B505F0C1F980BD95
:1047E00081B0009000984949086001B07047C04608
:1047F00081B0009000984549086001B07047C046FC
:1048000081B000900098807900281BD1FFE70098C4
:104810000079002807D1FFE7009802682C49086852
:10482000904308600DE000980079012807D1FFE768
:1048300000980268254908689043086000E0FFE797
:10484000FFE740E000980079002807D1FFE70098D3
:1048500002681F490868104308600DE0009800795D
:10486000012807D1FFE7009802681849086810433B
:10487000086000E0FFE7FFE700984079002807D1D3
:10488000FFE700980268134908681043086019E0C0
:1048900000984079012807D1FFE7009802680E4987
:1048A0000868104308600CE000980268094908682D
:1048B00010430860009802680749086810430860C0
:1048C000FFE7FFE7FFE701B07047C046040401407F
:1048D00000040140080401400C04014082B0019032
:1048E000694600200870094800680199084204D010
:1048F000FFE769460120087003E069460020087060
:10490000FFE76846007802B07047C04614040140D3
:1049100080B582B001A9009100200870742005F0D4
:10492000B8FF009800784142484102B080BD80B590
:1049300004F0C0FF80BD80B504F0C6FF80BD80B527
:1049400082B000F039F80190019A402100205054C3
:104950000198FAF7E6FF02B080BD704780B586B0D7
:10496000059004A80190018000F026F801990390B9
:1049700003984022805C0988884205DAFFE70398A3
:104980004021405C009003E004A800880090FFE70D
:10499000009802A908800598002808D0FFE705982C
:1049A000039902AA12889200FAF7A2FFFFE702A871
:1049B000008806B080BD00002548704780B584B0EF
:1049C000014602A801800088019000F015F8014618
:1049D0000198884203DBFFE70020039006E002A86D
:1049E00000888100034840580390FFE7039804B013
:1049F00080BDC046ECCD01080D20704780B582B067
:104A000070490120087011490020087010481149B0
:104A10005022FAF76DFF05F06DFF002801D1FFE786
:104A200012E00B490191012040025022FFF748FBA0
:104A3000019805F053FF0199896C884204D0FFE783
:104A400003490548C864FFE702B080BD2006002086
:104A5000A008002020CE0108544C554680B584B0F3
:104A60000290FFF7A9FF0190694600200870FFE758
:104A70006846007801994022895C884213DAFFE792
:104A8000019869460978890040580299884204D102
:104A9000FFE703A90120087009E0FFE70098401C28
:104AA00069460870E4E703A900200870FFE703A83F
:104AB000007804B080BD000080B586B004AB1880DB
:104AC00003910292FFF778FF01900398002808D025
:104AD000FFE70298002804D0FFE70198002804D1DE
:104AE000FFE70020C043059054E004A80088009030
:104AF0000121490288422FD0FFE7009827498842C8
:104B000038D0FFE70098264988420AD0FFE700988E
:104B1000244988420ED0FFE700982349884212D0EA
:104B200031E002990120087001984121405C03990D
:104B300008702CE002990120087001984221405C25
:104B40000399087023E0029901200870019843211D
:104B5000405C039908701AE00299022008700198DD
:104B60004521405C0399087001984421405A0399FB
:104B700048700CE002990120087001984621405CC1
:104B80000399087003E00020C043059002E0002074
:104B90000590FFE7059806B080BDC0460102000001
:104BA000EDF10000EEF1000019FA000081B00146BD
:104BB000684601700078411E88410249087001B0C2
:104BC0007047C0464400002080B586B0059004A917
:104BD0000391002008700B20000400F0E3F8014668
:104BE00003980170007800281AD1FFE74849029124
:104BF000086802220192104308600598454A106037
:104C000008684022104308600B20000400F0CAF836
:104C1000019A029904AB187008689043086000E09C
:104C2000FFE704A8007806B080BDC0463849086890
:104C3000802210430860704780B58EB00D900C91B3
:104C40000B923148C1680A918168099141680891C5
:104C50000068079006A90391002008702B49059170
:104C600004900120400300F09DF801460398017074
:104C70000078002843D1FFE7254908680122104346
:104C800008600C9A08689207920A03231B05984350
:104C9000801808600D981F490A6808600020049079
:104CA000FFE704980C998A0007A9895888420ED218
:104CB000FFE70B980499890040580599086005980A
:104CC000001D0590FFE70498401C0490E9E7104997
:104CD00002910868402210430860012001904003BF
:104CE00000F060F8019A029906AB18700868032377
:104CF0001B059843086008689043086000E0FFE7E0
:104D000006A800780EB080BDC8CC01084020024043
:104D1000102002401420024082B000200190694619
:104D2000087019480068019001A800784007002821
:104D300004D5FFE769460220087021E001A8007849
:104D4000C006002804D5FFE769460320087016E076
:104D500001A80078C007002804D0FFE769460120B9
:104D600008700BE001A88078C007002804D0FFE796
:104D700069460420087000E0FFE7FFE7FFE7FFE770
:104D80006846007802B070470C2002400249034890
:104D9000086003480860704704200240230167450B
:104DA000AB89EFCD80B584B0039002A900200870D4
:104DB00003980190FFE7FFF7AFFF02A90870019881
:104DC000401E0190FFE702A8017800200129009011
:104DD00005D1FFE70198411E88410090FFE7009848
:104DE000C0070028E7D1FFE70198002804D1FFE7BA
:104DF00002A90520087000E0FFE702A8007804B0CF
:104E000080BD80B586B005AB188004910392002068
:104E100002900398002801D1FFE743E0049800289E
:104E200004D1FFE70399042008703BE005A800883F
:104E3000039A02A901F056FD03980078002801D0DA
:104E4000FFE72FE00298007A012818D1FFE70299C6
:104E50008888C988884206DDFFE702998888C98862
:104E6000401A019007E0029948888A888018C9880A
:104E7000401A0190FFE70198049908800EE002981B
:104E8000007A002805D1FFE702984088049908803D
:104E900003E0049900200880FFE7FFE70399002062
:104EA0000870FFE706B080BD80B586B005AB1880FE
:104EB00004910392002002900398002801D1FFE79B
:104EC00043E00498002804D1FFE703990420087008
:104ED0003BE005A80088039A02A901F003FD0398AE
:104EE0000078002801D0FFE72FE00298007A01281F
:104EF00018D1FFE702998888C988884208DDFFE752
:104F0000029948888A88801AC9884018019005E06B
:104F10000299C8888988401A0190FFE7019804998E
:104F200008800EE00298007A022805D1FFE7029877
:104F300040880499088003E0049900200880FFE776
:104F4000FFE7039900200870FFE706B080BD00006E
:104F5000054840687047C046034880687047C046AF
:104F60000148C0687047C046D8CC010810B588B069
:104F70000A9C07AC208006A80180059204930020BB
:104F8000039002A9088001A908800A98002801D18D
:104F9000FFE77EE00598002809D0FFE70498002885
:104FA00005D0FFE706A80088002804D1FFE70A998A
:104FB000042008706DE007A800880A9A01A9FFF78D
:104FC00073FF0A980078002801D0FFE761E007A886
:104FD00000880A9A03A901F085FC0A980078002845
:104FE00001D0FFE755E001A8008806A9098888429A
:104FF00004DDFFE706A80088009003E001A8008810
:105000000090FFE7009801A90880019804990880A2
:1050100002A900200880FFE702A8008801A90988EA
:10502000884220DAFFE70399C8688988405C0599BF
:1050300002AA12888854FFE703998888401C888058
:10504000039988884988884206DBFFE703994A88E4
:105050008888801A8880FFE7FFE7FFE70298401CF6
:1050600002A90880D8E7FFE772B60399C888898843
:10507000884204D1FFE703990020087203E00399F6
:1050800001200872FFE762B6FFE70A990020087066
:10509000FFE708B010BD82B001906846018000882B
:1050A0000199886202B0704784B003900291002099
:1050B000019000900190FFE701980F285FD8FFE76B
:1050C00001990120884000900298008800990842C8
:1050D0004FD0FFE702988078012805D0FFE70298BB
:1050E0008078022821D1FFE7019840000322824006
:1050F000039988689043886002980279019840007B
:105100008240039988681043886001980122824098
:1051100003994868904348600298C2780198824099
:10512000039948681043486000E0FFE70198400099
:105130000322134683400399086898430860029845
:1051400083780198400083400399086818430860F9
:105150000198400082400399C8689043C860029853
:1051600042790198400082400399C8681043C860A2
:1051700000E0FFE7FFE70198401C01909CE704B0C6
:10518000704785B0049003A8017002A90A7000213D
:10519000019100910078072815D8FFE702A801784F
:1051A00003A80278920091400191007880000F22BC
:1051B00082400499086A90430862019A0499086A37
:1051C0001043086216E002A8017803A8027852078B
:1051D000D20E9140009100784007C00E0F2282400D
:1051E0000499486A90434862009A0499486A1043B7
:1051F0004862FFE705B0704784B00091014600980F
:10520000039102A9088001AA002010700398006988
:105210000988084204D0FFE701A90120087003E0D3
:1052200001A900200870FFE701A8007804B07047CA
:1052300082B001906846018000880199886102B0BF
:10524000704782B0019068460180028801994869E0
:105250005040486102B070477047000081B001467D
:105260006846017000780249086001B07047C04686
:105270000430004081B00146684601800088024940
:10528000086001B07047C046083000400749014837
:1052900008607047CCCC00000449014808607047A2
:1052A0005555000001490248086070470030004031
:1052B000AAAA00008CB00B900A91099208A90020BC
:1052C0000870079006900B990591049003900A9935
:1052D0000291019000900998092800D2CBE00020AB
:1052E00007900B980A99411A08A801700078C00726
:1052F000002852D1FFE7059807994018C0070028F9
:1053000009D0FFE70298079A805C059988540798AE
:10531000401C0790FFE705980799401804900298F1
:1053200007994018019009980799401A099009981F
:105330004008069000200790FFE7079806998842EA
:105340000AD2FFE7019807994A00805A04998852C7
:105350000798401C0790F0E7049807994900401807
:1053600005900198079949004018029009980799FB
:105370004900401A099000200790FFE70798099913
:10538000884209D2FFE70298079A805C0599885401
:105390000798401C0790F1E76CE008A800788007A8
:1053A000002854D1FFE7FFE70598079940188007C8
:1053B00000280AD0FFE70298079A805C0599885474
:1053C000FFE70798401C0790EEE7059807994018FB
:1053D0000390029807994018009009980799401A7D
:1053E000099009988008069000200790FFE7079829
:1053F000069988420AD2FFE7009807998A008058E8
:10540000039988500798401C0790F0E70398079984
:10541000890040180590009807998900401802906B
:10542000099807998900401A099000200790FFE722
:1054300007980999884209D2FFE70298079A805C89
:10544000059988540798401C0790F1E711E0FFE7A1
:1054500009980799401A00280AD0FFE70298079A8E
:10546000805C05998854FFE70798401C0790EFE798
:10547000FFE7FFE711E000200790FFE70798099991
:10548000884209D2FFE70298079A805C0599885400
:105490000798401C0790F1E7FFE70B980CB07047A6
:1054A00088B0079006A80170059207980490002024
:1054B0000390029001900090059807284FD3FFE7D2
:1054C00000200290FFE70498029940188007002806
:1054D00009D0FFE706980499029A8854FFE70298DA
:1054E000401C0290EFE70498029940180390059839
:1054F0000299401A059005988008019006A8017845
:1055000021484843009000200290FFE7029801994B
:10551000884209D2FFE700980399029A92008850C6
:105520000298401C0290F1E7039802998900401804
:105530000490059802998900401A05900020029075
:10554000FFE702980599884208D2FFE70698049978
:10555000029A88540298401C0290F2E710E0002062
:105560000290FFE702980599884208D2FFE7069863
:105570000499029A88540298401C0290F2E7FFE7CF
:10558000079808B07047C04601010101B0B586B068
:105590000020059004900390364800688001C00FF9
:1055A000002801D0FFE762E0334800680F2108407F
:1055B0000590324800688002000F0490049930483A
:1055C0004843304940180599491CFAF7F2FA03900C
:1055D0002D4800680006C00F002846D0FFE7254888
:1055E00000688003C00F002807D0FFE7264908683D
:1055F0000122D2051043086036E01E490291086876
:10560000012213060193984308601C490091086821
:1056100012049043086003981C49FAF7CAFA009BE9
:10562000019A0299841E18682407A40A0F25AD0464
:10563000A84300191860086810430860FFE70D4888
:1056400000688001C00F002801D1FFE7F7E70B4990
:105650000868022210430122904308600A49086842
:10566000D20510430860FFE700E0FFE7FFE706B060
:10567000B0BDC046001002402C1002400410024091
:105680000024F4000048E8010810024000093D0031
:1056900080B582B0014601A80170007840B203F0E5
:1056A0004DF802B080BD80B584B00A46014603A81B
:1056B0000190017002A90A70007840B2097803F0E5
:1056C0006DF80198007840B203F052F804B080BD44
:1056D00010B586B005AB188004A8018003920020A5
:1056E000029001A9088000900398002801D1FFE7EB
:1056F0005EE030490A883048801A0F225201801833
:1057000003221040009005A80088009A80181430E9
:105710000988884204D9FFE703990320087047E00D
:1057200004A80088039A02A901F0DCF80398007825
:10573000002804D1FFE703990520087038E000989D
:10574000002806D0FFE7009A1A490888801A0880C6
:10575000FFE718490888184A101A0F235B01C01880
:1057600002900498029B1880029B00201861059B00
:10577000029C6380029B9880029BD8800B88D21A7F
:105780007D239B00D218029BDA60029A107201AA54
:1057900014201080059B0198C0181080019A088879
:1057A000801A08800298039A044900F0CCFAFFE7B7
:1057B00006B010BD460000203C040020B8090020BF
:1057C00081B00146684601800088002804D1FFE7C7
:1057D000D2490120087008E0009805490880054971
:1057E00000200880CD490870FFE701B07047C0462F
:1057F000BE090020C209002080B582B0C7480078E9
:10580000C007002811D0FFE700210191084606F0EB
:1058100037FCC34800909F4906F06CF8009805F0EB
:10582000A3FD0198BD490870FFE702B080BDC046E6
:1058300080B5EB480078C00700280CD0FFE705F0E2
:1058400031F9E54805F090FDE44902200870032095
:10585000FFF7B6FFFFE780BD7047000080B5E04866
:105860000078C00700280CD0FFE705F01BF9DA48E4
:1058700005F07AFDD9490C2008700320FFF7A0FF3E
:10588000FFE780BD80B582B0D5480078C00700280A
:105890001DD0FFE7D04800900E4906F02BF806F027
:1058A00089FB41200106022006F0EAFB9E49012007
:1058B0000190487505F082FF009901988882C749D8
:1058C0000D200870AF204000FFF77AFFFFE702B01D
:1058D00080BDC04624CF010880B506F08FF906F0E0
:1058E00025F9BD4805F02EFE002807D0FFE7BB498B
:1058F0000E2008700020FFF763FFFFE7B64805F0B1
:1059000037FE002807D0FFE7B4490E2008700020BA
:10591000FFF756FFFFE7B04805F06CFE002807D000
:10592000FFE7AE490E2008700020FFF749FFFFE7B0
:10593000F14805F033FE002807D0FFE7F1490E20BB
:1059400008700020FFF73CFFFFE7EB4805F03CFE46
:10595000002807D0FFE7EB490E2008700020FFF772
:105960002FFFFFE7F2480078C007002807D0FFE7C5
:10597000F1490E2008700020FFF722FFFFE780BDED
:1059800080B588B0EA480078C00700287FD0FFE7DC
:105990000021084606F074FBD7480790D74905F068
:1059A000A9FF0798D64A0421517505F0E1FD0028AA
:1059B00004D0FFE70A2006F09BF9FFE7CE4805F088
:1059C000C1FD002806D1FFE7CB4805F0E7FD002820
:1059D00010D0FFE7CA48807C062803DBFFE70620DB
:1059E000069004E0C648807C401C0690FFE70698BD
:1059F00005900FE0C248407CC007002803D1FFE7B4
:105A00000020049003E0BE48807C0490FFE70498E7
:105A10000590FFE70598BA498874B74805F092FDEC
:105A2000002809D1FFE7B44805F0B8FD0146002081
:105A3000002903900DD0FFE7B148817C01200022AE
:105A400001920629029001DB0198029002980390CE
:105A5000FFE7039801210840A94900914874A6482E
:105A600005F082FC0098407CC007002807D0FFE7C3
:105A7000B149012008700520FFF7A2FE06E0AE49FB
:105A80000F2008700220FFF79BFEFFE7FFE708B03A
:105A900080BDC04638CF010880B5A5480078C00752
:105AA00000280BD0FFE70220054906F0E9FAA249D9
:105AB000002008704620FFF783FEFFE780BDC04648
:105AC0009A99993F704770477047704780B582B088
:105AD00097480078C00700281DD0FFE7864800904F
:105AE000104905F007FF06F065FA41200106012084
:105AF000019006F0C5FA82490220487505F05EFE65
:105B00000099019888828C4903200870AF204000DA
:105B1000FFF756FEFFE702B080BDC046BC0900207B
:105B2000580000204CCF01089C0000207047000066
:105B300080B506F063F805F0F9FF6F4805F002FD47
:105B4000002807D0FFE77C49042008700020FFF7F9
:105B500037FEFFE7684805F00BFD002807D0FFE798
:105B60007549042008700020FFF72AFEFFE762480D
:105B700005F040FD002807D0FFE76F4904200870BA
:105B80000020FFF71DFEFFE75B4805F007FD00283A
:105B900007D0FFE76849042008700020FFF710FED7
:105BA000FFE7554805F010FD002807D0FFE76249E0
:105BB000042008700020FFF703FEFFE75C48007830
:105BC000C007002807D0FFE75B49042008700020C9
:105BD000FFF7F6FDFFE780BD58000020EC0900202C
:105BE000BC09002080B588B051480078C007002863
:105BF00000D17FE00021084606F042FA3E480790B7
:105C00003E4905F077FE07983D4A0321517505F09E
:105C1000AFFC002805D0FFE77D20C00006F068F843
:105C2000FFE7354805F08EFC002806D1FFE7324833
:105C300005F0B4FC002810D0FFE73148807C06282E
:105C400003DBFFE70620069004E02D48807C401C23
:105C50000690FFE7069805900FE02948407CC007B2
:105C6000002803D1FFE70020049003E02448807C53
:105C70000490FFE704980590FFE705982049887491
:105C80001D4805F05FFC002809D1FFE71A4805F020
:105C900085FC01460020002903900DD0FFE718483D
:105CA000817C0120002201920629029001DB0198EB
:105CB000029002980390FFE70398012108401049E1
:105CC000009148740C4805F04FFB0098407CC007D9
:105CD000002807D0FFE718490B2008700520FFF7C0
:105CE0006FFD06E01449052008700220FFF768FDEB
:105CF000FFE7FFE708B080BD5800002038CF01085B
:105D00009C000020EC09002080B509480078C007FD
:105D100000280BD0FFE70120064906F0B1F906493B
:105D2000002008704620FFF74BFDFFE780BDC0460E
:105D3000BC0900203333B33FEC09002070477047A3
:105D400070477047704784B0039002910192002021
:105D500000900198002801D1FFE736E00298002862
:105D600004D0FFE70398002804D1FFE7019904203D
:105D700008702AE002980068002807D1FFE703981E
:105D8000029908600199002008701EE002980068DE
:105D90000090FFE70098006900280DD0FFE7039806
:105DA0000099884204D1FFE70199052008700CE0B2
:105DB000009800690090EDE7039800990861039945
:105DC0000020086101990870FFE704B070470000E7
:105DD0002249086801221202104308607047C04639
:105DE00010B583B00A4602A9087001A802701B4AC8
:105DF00013680224A34313600B7811680124234025
:105E0000A143C9181160164A11680423194311608F
:105E100000780090002808D0FFE7009801280BD0F8
:105E2000FFE7009802280FD014E030BF0C49086843
:105E30000422904308600EE020BF20BF0849086894
:105E400004229043086006E00549086802221043D6
:105E5000086000E0FFE703B010BDC04600700040DE
:105E600010ED00E0704710B588B007AC20800691B7
:105E700005A8028004930020039002A9088001A9CC
:105E800008800498002801D1FFE76BE006980028FD
:105E900004D1FFE704990420087063E007A8008894
:105EA000049A01A9FEF7ADFF04980078002801D0FC
:105EB000FFE757E005A8008801A90988884204DDAA
:105EC000FFE70499032008704CE007A80088049AB3
:105ED00003A900F007FD04980078002801D0FFE72F
:105EE00040E002A900200880FFE702A8008805A979
:105EF0000988884220DAFFE7069802A90988405CF1
:105F0000039AD168D2888854FFE70399C888401C57
:105F1000C8800399C8884988884206DBFFE703994F
:105F20004A88C888801AC880FFE7FFE7FFE7029821
:105F3000401C02A90880D8E7FFE772B60399C88819
:105F40008988884204D1FFE703990220087203E0A0
:105F5000039901200872FFE762B6FFE70499002069
:105F60000870FFE708B010BD80B504F01DF880BDD3
:105F70008F49086801221206104308607047C04626
:105F800081B00146684601700278D1490868D2079D
:105F9000D20C01231B0398438018086001B070479E
:105FA00080B582B001A90091087000F06FF800F090
:105FB00035F800980278404908689207920D03234B
:105FC0001B0298438018086002B080BD81B0009029
:105FD000009A1B4908689043086001B07047C046AA
:105FE00081B00090009A1C4908689043086001B095
:105FF0007047C04681B00090009A1D4908689043E0
:10600000086001B07047C04681B00090009A1E49F8
:1060100008689043086001B07047C0462649086888
:1060200001221204904308607047C04681B000907E
:10603000009A034908681043086001B07047C046E1
:106040001410024081B00090009A03490868104380
:10605000086001B07047C0461C10024081B000903B
:10606000009A034908681043086001B07047C046B1
:106070001810024081B00090009A0349086810434C
:10608000086001B07047C0460C1002400A49086819
:1060900001221204104308607047C0464449086852
:1060A0000122104308607047034908680122D203A7
:1060B000104308607047C0462010024080B588B089
:1060C00000200790069005900B4904911849039110
:1060D0000290019000F070F806905E48006800069B
:1060E000010F01A8405C079006980799C8400590E9
:1060F000059808B080BDC0460607080980B586B07F
:106100000020059004900390094902910190FFF747
:10611000D5FF05904F4800684005410F01A8405C3D
:10612000039005980399C8400490049806B080BD78
:106130000102030485B0014604A8018000210391F7
:10614000029101AA118002780121914002914078C8
:10615000039003980090032819D80098810001A0AB
:1061600040588746756101087D6101087F6101081B
:10617000876101080F480068039009E008E00C48B7
:106180000068039004E009480068039000E0FFE71E
:1061900003980299084204D0FFE701A90120088072
:1061A00000E0FFE701A8008805B070473410024006
:1061B000241002400010024080B586B000200590F7
:1061C0000490039002902348006803210840059042
:1061D00005980190002808D0FFE70198012807D012
:1061E000FFE70198022806D02EE03A4805902EE0FD
:1061F0001A4805902BE0174801688902090F891C8D
:1062000004910068C003C00F0290134800680F217A
:106210000840401C03900298002805D1FFE704992C
:106220000F48484305900EE00298012809D1FFE786
:1062300003990A48F9F7BDFC0146049848430590C4
:1062400000E0FFE7FFE702E022480590FFE705983E
:1062500006B080BD041002402C1002400024F4005F
:1062600000093D0080B584B0014603A801700021FB
:10627000029101910078002806D1FFE714480068D8
:1062800003210840029005E0114800680007800FD4
:106290000290FFE702980090002808D0FFE70098DE
:1062A000012808D0FFE70098032808D00AE0FFF78C
:1062B00025FF019009E0FFF77FFF019005E0054809
:1062C000019002E000200190FFE7019804B080BD3A
:1062D0003010024000127A0080B50449888809789D
:1062E000F9F767FC0249888080BDC04670CE01087E
:1062F0004800002083B002A9087001A9002008709E
:10630000029869460870FFE7684600780A2809D3B2
:10631000FFE70198401C01A9087000980A386946F7
:106320000870F1E701980007000E694609780843F4
:1063300003B0704781B0009000980209F1490868E5
:106340009043086001B0704780B582B00190694603
:106350000020087000F07EF900F08EF9002806D1C8
:10636000FFE700F0E3F969460020087025E0019896
:106370000278ED490868D207520E402398438018EE
:106380000860019882680F4908680F4B1A400F4B4C
:106390001840801808600198426808685206520A3E
:1063A0007F231B0498438018086000F04DF900F02B
:1063B000BDF9694601200870FFE76846007802B021
:1063C00080BDC04610280040FF7F00000080FFFF16
:1063D00080B586B0024605A80270049100210391A1
:1063E000007801280DD0FFE7E94800684006C00F9B
:1063F000002804D1FFE704990020C87000E0FFE7FF
:106400000CE0E34800684006C00F002804D1FFE715
:1064100004990020C87000E0FFE7FFE705A80078B6
:10642000012815D1FFE70499087800044A78120280
:1064300080188A788018CA78920510434A7A120622
:1064400010430A7A9207104349680843039029E0F1
:1064500004980078FFF74EFF0004009004984078FD
:10646000FFF748FF01460098090240180190049880
:106470008078FFF73FFF0146019841180498C278E1
:10648000920511430291407AFFF734FF01460298CA
:106490000906084304990A7A920710434968084399
:1064A0000390FFE700F0D6F80398E049086000F099
:1064B0003DF906B080BDC04680B586B0024605A84D
:1064C0000270049103AA0021117002910078002843
:1064D0000DD1FFE7D24800684006C00F002804D164
:1064E000FFE704990020C87000E0FFE70CE0CC480B
:1064F00000684006C00F002804D1FFE7049900207F
:10650000C87000E0FFE7FFE705A8007800280DD07D
:10651000FFE70499087800044A78120280188A7804
:106520008018C9788905084302901BE00498007818
:10653000FFF7E0FE0004009004984078FFF7DAFED1
:106540000146009809024018019004988078FFF7EE
:10655000D1FE0146019840180499C978890508437D
:106560000290FFE700F076F800F086F8002804D1EA
:10657000FFE703A90020087020E0029812490840B4
:10658000A449086000F060F8D34800688006C00F96
:1065900000280ED1FFE700F051F9002804D1FFE7F1
:1065A00003A90020087003E003A901200870FFE799
:1065B00003E003A901200870FFE7FFE700F0B6F849
:1065C00003A8007806B080BD7F7F7F0080B584B0CF
:1065D00003A900200870029000F03CF8BE4908684A
:1065E0000122120290430860FFE702990020012275
:1065F00092039142019008D0FFE7B848006801215A
:106600000840414248410190FFE70198C007002837
:1066100004D0FFE70298401C0290E6E7AF4800680C
:10662000C007002806D1FFE700F080F803A900208A
:10663000087005E000F07AF803A901200870FFE770
:1066400003A8007804B080BDA44908688022904364
:10665000086070473749CA200860532008607047B7
:1066600080B5FFF7F7FF9C4908680122120210432A
:10667000086000F05BF880BD84B003A900200870BA
:1066800002900190954800684006C00F002830D164
:10669000FFE70020C04391490860FFE78F4800688A
:1066A0004006C00F01900298401C0290FFE702993B
:1066B0000020012292039142009005D0FFE701984B
:1066C000414248410090FFE70098C0070028E5D10B
:1066D000FFE7824800684006C00F002804D0FFE7AB
:1066E00003A90120087003E003A900200870FFE758
:1066F00003E003A901200870FFE703A8007804B0B5
:106700007047C0460C28004080B582B00190FFF76A
:10671000A1FF019A042082436F4908681043086072
:1067200000F004F802B080BD082800400149FF20B5
:10673000086070472428004084B003900020029035
:1067400001906946087003A80078400700280AD421
:10675000FFE76148006802906048006803990909F2
:106760000840019000E0FFE7029800280AD0FFE708
:106770000198002804D0FFE769460120087000E076
:10678000FFE700E0FFE76846007804B07047C046C6
:106790000828004080B582B001A900200870FFF7EA
:1067A00059FFFFF769FF002806D1FFE7FFF7BEFF9B
:1067B00001A90020087028E0164900200860164A48
:1067C0001649116044490A680860164A1649116062
:1067D000164908601649086016490860164908609D
:1067E0003E490720086000F029F8002806D1FFE79D
:1067F000FFF79CFF01A90020087005E0FFF796FF56
:1068000001A901200870FFE7FFE701A8007802B0A6
:1068100080BDC0460028004004280040012100003F
:106820000828004010280040FF007F001C2800407E
:106830002C2800403C2800404428004080B584B00B
:1068400003A9002008700290019023480068800688
:10685000C00F002804D1FFE703A90120087036E02B
:10686000FFF7F8FE1D490868A02290430860FFE783
:106870001A4800688006C00F01900298401C0290E0
:10688000FFE7029900200122D2039142009005D037
:10689000FFE70198414248410090FFE70098C00798
:1068A0000028E5D1FFE70D4800688006C00F0028EA
:1068B00006D0FFE7FFF73AFF03A90120087005E0C3
:1068C000FFF734FF03A900200870FFE7FFE703A8E4
:1068D000007804B080BDC046082800400C28004065
:1068E0007047000084B003AB188002910192002031
:1068F00000900198002801D1FFE725E002980028C8
:1069000004D1FFE70199042008701DE00F480068DA
:106910000090FFE70098002812D0FFE703A8008846
:1069200000990988884207D1FFE701990020087083
:1069300000980299086007E0009800690090E9E774
:10694000019902200870FFE704B07047B8090020E1
:1069500080B582B0014601A801700199054A117005
:106960000078012804D1FFE70120FEF71FF9FFE7B7
:1069700002B080BD4800002080B582B000200190A8
:1069800004480E2101AAFAF7D5FD019802490880B2
:1069900002B080BDF07F0020FE7F0020B0B582B045
:1069A000019000910098027801990868D207520F6F
:1069B0000423DC4320408018086000984278019945
:1069C00048681207120D0F231B0298438018486075
:1069D000009882780199086801231A40984380182A
:1069E00008600098C27801990868D207920F0225C2
:1069F000A843801808600098027901990868D207B6
:106A0000920D5D02A84380180860009842790199B0
:106A10000868D207120E8025A843801808600199E3
:106A200008682B4A104008600098C28801990868DD
:106A3000104308600098027A019908685207920E84
:106A40003825A843801808600098427A019908699F
:106A5000104308610098827A01990868D207120CE5
:106A6000DD03A843801808600098C27A019908687D
:106A7000D207520D9D02A843801808600098027B3F
:106A800001990868D207520C9D03A843801808603A
:106A90000098427B01990868D207D20D1D02A843D5
:106AA000801808600098827B01994868D207520FCD
:106AB0002040801848600098C27B01994868D2073E
:106AC000D20C1B0398438018486002B0B0BDC0468A
:106AD000FF3B000081B0009000990868402290437D
:106AE000086001B0704781B00090009908684022AA
:106AF0001043086001B0704784B0009101460098CF
:106B0000039102A9088001A800220280039A9268DA
:106B1000029B1A40028000880988884204D1FFE75E
:106B200001A90120088000E0FFE701A8007804B077
:106B30007047000080B582B00190019807498842F3
:106B400009D1FFE7012000030090FFF793FA0098B6
:106B5000FFF75AFA00E0FFE702B080BD00300140C5
:106B600081B000900098C06880B201B0704782B0D8
:106B700001906846018000880199C86002B07047A2
:106B80007047000010B583B0002002907B4A116866
:106B900001231B04194311600290FFE702A84088FB
:106BA00000280ED1FFE7754800688003C00F002859
:106BB00001D0FFE705E0FFE7FFE70298401C0290E5
:106BC000ECE76E4800688003C00F00284AD0FFE75A
:106BD0004A490868102210430860FFE747490868DF
:106BE000012210430E2290430860086802221043DD
:106BF0000D2290430860FFE7614901910868F02287
:106C000090430860086807221202904308600868F1
:106C1000012213041843086008680F239B0498435B
:106C2000D304C0180860554908681206104308606C
:106C3000FFE7524800688001C00F002801D1FFE73C
:106C4000F7E74F4908680222104301229043086089
:106C5000FFE74B4800680007800F022801D0FFE7DC
:106C6000F7E749E025490868102210430860FFE76C
:106C700022490868012210430E22904308600868E8
:106C8000022210430D2290430860FFE73C49009127
:106C90000868F02290430860086807231A029043AE
:106CA0000860086801221404A043086008680F24E3
:106CB000A404A043DB04C018086030490868120629
:106CC00010430860FFE72D4800688001C00F0028CE
:106CD00001D1FFE7F7E72A490868022210430122A1
:106CE00090430860FFE7264800680007800F0228ED
:106CF00001D0FFE7F7E7FFE703B010BD0020024037
:106D000080B5FFF73FFF80BD10B582B01B4B0093ED
:106D10001868012201921043186019490868194C3B
:106D2000204008601868184C2040186018689404C7
:106D3000A043186008683F231B0498430860086854
:106D40000F239843086011490868FF235433984380
:106D500008600F490868904308600E4900200860E9
:106D6000FFF7CEFF009A01981168C3041943116020
:106D7000C0060949086002B010BDC04600100240BC
:106D8000041002400CB8FF08FFFFF6FE301002406E
:106D9000341002400810024008ED00E080B503F016
:106DA00089FB80BD80B590B00E900D910C920B9335
:106DB00009A9002008800C9808A908800C980C30BC
:106DC00004900E9805900C9806900D9807900E98D8
:106DD000039000F0C1F801460398884243D1FFE7D1
:106DE00008A8008800283AD0FFE7542009A90AAA79
:106DF0000292FEF706F80298007800282BD1FFE7F0
:106E000009A800880499884225D3FFE7542005A9E2
:106E10000C220AAB0193FFF726F8019800780028AE
:106E200015D1FFE70B9908A8028854200AAB0093FC
:106E3000FFF719F800980078002804D1FFE70FA9A0
:106E40000120087013E00FA9002008700FE00FA9BF
:106E5000002008700BE00FA90020087007E00FA9C0
:106E60000020087003E00FA900200870FFE70FA8BA
:106E7000007810B080BD80B58EB00C900B910A9256
:106E800008A900200880522009AA0492FEF70CF8F5
:106E90000498007800283FD1FFE708A800880C2854
:106EA0003AD3FFE709A80390009052200C2105AACD
:106EB00008ABFEF75BF803980078002828D1FFE7BD
:106EC00008A800880C2823D1FFE705A881880A9A22
:106ED00009A802900090522008ABFEF747F80298EC
:106EE0000078002810D1FFE7069808A90988884291
:106EF0000AD1FFE705980C99086006980B9908607D
:106F00000DA9012008700BE00DA90020087007E012
:106F10000DA90020087003E00DA900200870FFE70C
:106F20000DA800780EB080BD80B500F00BFB80BDD1
:106F300080B582B000200190FEF70AF80190019818
:106F400002B080BD80B582B000200190FEF704F849
:106F50000190019802B080BD80B582B00020019000
:106F6000FDF7FEFF0190019802B080BD80B5FAF7F1
:106F700099F980BD80B5FAF7D1F980BD80B58AB0A6
:106F8000099008910792069305A9019100200870C5
:106F90000998089902AAFBF7F7FB014601980170CE
:106FA0000078012801D0FFE706E002980799086001
:106FB000039806990860FFE705A800780AB080BD2D
:106FC00081B0009000980F49086001B07047C0463A
:106FD00080B5FAF76BFA80BD80B582B001A9087060
:106FE00008480068002801D1FFE709E00548009043
:106FF000016801A800788847009900200860FFE731
:1070000002B080BDF0080020074908680122D203C1
:10701000904308607047C046034908680122D203C4
:10702000104308607047C046442C014082B0019074
:10703000684601800088034948400199086102B010
:107040007047C046FFFF000082B001900091019898
:10705000244988422AD0FFE701982349884225D055
:10706000FFE701982149884220D0FFE70098827805
:1070700001990868D207D20E10239843801808603F
:107080000098827801990868120160231A40984399
:10709000801808600098027A019908689207920D9A
:1070A00003231B0298438018086000E0FFE7009864
:1070B00040680199C8620098008801998862019827
:1070C000D149884205D1FFE70098407A01990863C9
:1070D00000E0FFE70199486901221043486102B0CE
:1070E0007047C0460010004000400140004401408D
:1070F00081B000900099086801229043086001B0B7
:10710000704781B000900099086801221043086020
:1071100001B0704782B001906846018002880199F1
:10712000C8681043C86002B070470000B0B582B0B4
:10713000019000910199086A0124E3431840086214
:107140000199886903229043886100980278019927
:1071500088695207520E7025A843801888610098EC
:10716000C2780199086AD207920F0225A8438018B5
:107170000862009842780199086A224018408018F5
:1071800008620198CB49884210D0FFE7019801219D
:10719000890788420AD0FFE701982049884205D034
:1071A000FFE701981E49884231D1FFE70098027934
:1071B0000199086AD207120F0823984380180862C1
:1071C000009882780199086AD207520F04239843E5
:1071D0008018086201994868894C204048600199EC
:1071E0004868884B1840486000984279019948687F
:1071F000D207D20D2040801848600098827901990A
:107200004868D207920D18408018486000E0FFE7F8
:10721000009800890199486302B0B0BD00040040A5
:107220000020004010B582B0019000910199086AD9
:107230001022D34318400862019988690322120280
:107240009043886100980278019988695207520C2E
:1072500007242403A043801888610199086A20222A
:10726000D443204008620098C2780199086AD20786
:10727000920E204080180862009842780199086AAE
:10728000D207D20E184080180862019889498842B6
:107290003BD1FFE70199086A8022D3431840086276
:1072A000009802790199086AD207120E18408018D6
:1072B00008620199086A4022D34318400862009886
:1072C00082780199086AD207520E18408018086225
:1072D000019948684E4C20404860019948684B4BE2
:1072E000184048600098427901994868D207520DC9
:1072F0002040801848600098827901994868D20738
:10730000120D18408018486000E0FFE700980089DF
:107310000199886302B010BD10B582B00190009150
:107320000199086A364B184008620199C86903221E
:107330009043C861009802780199C8695207520EBB
:107340007024A0438018C8610199086A2D4C204020
:1073500008620098C2780199086AD207920D20400D
:1073600080180862009842780199086AD207D20D05
:1073700018408018086201984E49884239D1FFE7C9
:107380000199086A214B1840086200980279019916
:10739000086AD207120D1840801808620199086A1D
:1073A0001B4B18400862009882780199086AD2073E
:1073B000520D184080180862019948683B4C2040E3
:1073C0004860019948683A4B1840486000984279F3
:1073D00001994868D207D20C204080184860009874
:1073E000827901994868D207920C18408018486049
:1073F00000E0FFE7009800890199C86302B010BD62
:10740000FFFEFFFFFFFDFFFF002C0140FFF7FFFF26
:10741000FFFBFFFF10B582B0019000910199086A4F
:10742000224B184008620199C86903221202904356
:10743000C861009802780199C8695207520C072464
:107440002403A0438018C8610199086A184C2040A1
:1074500008620098C2780199086AD207920C20400D
:1074600080180862009842780199086AD207D20C05
:1074700018408018086201980E4988420FD1FFE732
:10748000019948680C4B184048600098427901996E
:107490004868D207520C18408018486000E0FFE7A7
:1074A000009800890199086402B010BDFFEFFFFF4A
:1074B000FFDFFFFF002C0140FFBFFFFF84B0009102
:1074C00001460098039102A9087001AA00201080CB
:1074D00003980069097808420BD0FFE70398C06859
:1074E00002A90978084204D0FFE701A90120088019
:1074F00003E001A900200880FFE701A8008804B08C
:10750000704782B00190009100980199486302B0E1
:10751000704782B00190009100980199886302B091
:10752000704782B00190009100980199C86302B041
:10753000704782B00190009100980199086402B0F0
:107540007047000080B582B007480068002801D16C
:10755000FFE707E004480190006880470199002098
:107560000860FFE702B080BD1C06002085B00390D4
:1075700002910398002804D0FFE70298002804D164
:10758000FFE704A9002008703FE022490868224A6A
:107590008018086008684840019000200090FFE7CC
:1075A00000980399884219D2FFE70198009A910741
:1075B000C90EC84002998854009803210840032846
:1075C00007D1FFE701991548484315494018019034
:1075D000FFE7FFE70098401C0090E1E703980428CC
:1075E0000FD3FFE7029908784A7810438A7810434E
:1075F000C9780843002804D1FFE702990120C87028
:10760000FFE704A901200870FFE704A8007805B08F
:107610007047C04604000020B979379E0D661900F6
:107620005FF36E3CD04800897047C046CE48408921
:107630007047C046CC4880887047C046CA48C0885A
:107640007047C04683B002AB187001A80170009269
:1076500000997F2008720298009948720198009959
:10766000887200990320486003B0704781B0694672
:1076700008700098EF49887001B07047ED480078B5
:10768000401E41424841704781B001466846017042
:107690000078E84949780840401A4142484101B021
:1076A0007047C046E3488088414248417047C04621
:1076B00081B00146684601700078DE4909780840CB
:1076C000401A4142484101B07047C04680B584B07D
:1076D000039002910020019002984068032807D887
:1076E000FFE703980078029A1321FFF7ABFF22E02F
:1076F0000299487A00048A7A12028018C97A4018DE
:10770000019001980D49884207D0FFE7039800785F
:10771000029A3121FFF796FF0DE0FDF710F903986B
:107720000078029A7821FFF78DFF02990448886457
:1077300000F012FDFFE704B080BDC046FFFFFF0070
:10774000157B010880B584B00390029101A8002147
:1077500001700299497A0170007800280CD1FFE786
:107760000398007840300299087201980299487293
:1077700002990220486029E001A8007803280CD172
:10778000FFE7039800784030029908720198029947
:10779000487202990220486017E001A8007880280A
:1077A00005D0FFE701A80078832806D1FFE70299FA
:1077B000002008720299486006E003980078029A57
:1077C0001221FFF73FFFFFE7FFE7FFE704B080BDAF
:1077D00080B584B00390029101A800210170029944
:1077E000497A0170007801280FD1FFE70120FDF7E9
:1077F000DDF90398007840300299087201980299E7
:10780000487202990220486031E001A800780228FD
:107810000FD1FFE70020FDF7C9F903980078403049
:1078200002990872019802994872029902204860F0
:107830001CE001A80078812805D0FFE701A80078A6
:1078400082280BD1FFE701A80078813841424841E6
:10785000FDF7ACF902990020486006E00398007833
:10786000029A1221FFF7EEFEFFE7FFE7FFE704B001
:1078700080BD000081B069460880009A6D49088982
:10788000801A088101B0704781B069460880009A6B
:1078900068494889801A488101B0704781B06946BB
:1078A0000880009A63498888801A888001B07047F0
:1078B00081B069460880009A5E49C888801AC880ED
:1078C00001B0704783B0029001916846027001A830
:1078D0004088029908700198000A0299487001983E
:1078E0000299887000980299C87003B07047000030
:1078F00080B584B003900D48C18802AA009211801F
:1079000000890A21F8F755F90099024601A802807A
:107910004978039A11700299039A5170407803993B
:10792000887001980399C87004B080BD70CE0108BA
:1079300081B040480078022804D1FFE76946022060
:1079400008700CE03B480078042804D1FFE7694642
:107950000320087003E0694601200870FFE76846CD
:10796000007801B07047C0464800002080B5FFF79E
:1079700061FE002801D1FFE703E00120FFF78EFF41
:10798000FFE7FFF75BFE002801D1FFE703E00120DE
:10799000FFF78EFFFFE7FFF745FE002801D1FFE765
:1079A00003E00120FFF766FFFFE7FFF73FFE002837
:1079B00001D1FFE703E00120FFF766FFFFE780BD8D
:1079C00080B584B00390029101A800210170029952
:1079D000497A01700078002811D0FFE701A80078EB
:1079E000802807D0FFE703980078029A1221FFF75A
:1079F00029FE03E0029900204860FFE70BE00398AE
:107A000000784030029908720198029948720299F0
:107A100002204860FFE704B080BD000081B06946E5
:107A200008700448807809780840401A414248416B
:107A300001B070474800002080B586B005900491E1
:107A40000020029004984068012807D8FFE70598B5
:107A50000078049A1321FFF7F5FD4DE00498417A70
:107A600003A801700078002815D1FFE70598007879
:107A7000403004990872049900204872049A402109
:107A800091720499C872049908730499487304990F
:107A90000620486030E003A80078022807D0FFE7FE
:107AA00005980078049A3121FFF7CCFD24E0049971
:107AB0000B31124802AAFCF7C7FB0190019800287D
:107AC00004D1FFE70298112807D0FFE70598007856
:107AD000049A2221FFF7B6FD0EE0059800784030A9
:107AE000049908720499022048720499012088724E
:107AF000049914204860FFE706B080BD90F10000B3
:107B000081B0009000990B200870014801B07047C7
:107B1000CCCE010880B584B0014603A801700021D5
:107B2000029101910078002801D0FFE70FE0FCF7F7
:107B300014FF00F01FFB01A9009154200870FFF70B
:107B40000BFA009B00210122FFF72CF9FFE704B09C
:107B500080BD000080B584B0039002910298417A04
:107B600001A801700078012805D0FFE701A800787E
:107B700003280FD1FFE7039800784030029908727C
:107B800001980299487202990220486002990E48B1
:107B9000886417E001A80078812805D0FFE701A8D4
:107BA0000078832806D1FFE702990020486000F0A2
:107BB0000DF806E003980078029A1221FFF742FDC3
:107BC000FFE7FFE704B080BDCD7B010880B582B040
:107BD000014601A801700078002801D0FFE707E006
:107BE000012000060349086000F090FDFFE7FEE772
:107BF00002B080BD2410024080B5A0B01F901E913D
:107C00001CA9002008701E984068012807D8FFE7CB
:107C10001F9800781E9A1321FFF714FDF9E01E98B3
:107C2000417A7F2001401DA801701E99497A802267
:107C300011401BAA11700078012811D0FFE71DA880
:107C4000007802280CD0FFE71DA800780A2807D08A
:107C5000FFE71F9800781E9A1221FFF7F3FCD8E087
:107C60001DA800780A280DD1FFE71E984068022859
:107C700007D0FFE71F9800781E9A1321FFF7E2FC58
:107C8000C7E011E01E984068032807D0FFE71F985F
:107C900000781E9A1321FFF7D5FCBAE01E98807A6F
:107CA0001CA90870FFE7FFE706A90F2008801BA8A2
:107CB0000078002804D0FFE71E9900204860A8E063
:107CC0001F98007840301E9908721D981E994872BE
:107CD0001E99092088721DA800780A2845D1FFE75F
:107CE000FCF78AFE014607A80180008806A90988DA
:107CF000884204DDFFE7069807A90880FFE708A986
:107D000000200880FFE708A8008807A909888842A2
:107D100024DAFFE708A801900088FCF74FFE0590E1
:107D20000598FCF79BFE014602910920002903906B
:107D300001D1029803900198039904AA11701E9929
:107D40000088800040180B3005991278FFF7BAFDC3
:107D5000FFE70898401C08A90880D4E707A8008816
:107D60008000C01C1E99486053E00BA81021FCF74E
:107D7000F5FD0AA9088009A9002008801CA8007840
:107D80000921084204D0FFE70A9809A90880FFE703
:107D900009A8008806A90988884204DDFFE706983B
:107DA00009A90880FFE71DA8007801280ED1FFE788
:107DB0001E990020C87209A840781E990873099876
:107DC0001E9948731E990620486022E008A90020E9
:107DD0000880FFE708A8008809A90988884211DA05
:107DE000FFE71E9808A909888A0010180B300BA914
:107DF00089580922FFF766FDFFE70898401C08A98B
:107E00000880E7E709A800888000C01C1E99486028
:107E1000FFE720B080BD80B588B00790069102A929
:107E20000020087006984068022807D8FFE70798E6
:107E30000078069A1321FFF705FC31E00699487A8D
:107E40000002897A411805A801800699497A04AA96
:107E500011700699897A03AA11700799097840313F
:107E6000069A11720499069A51720399069A9172B0
:107E70000088069A11460B31121DFCF7E5F90190B6
:107E80000198002807D0FFE707980078069A31216B
:107E9000FFF7D8FB04E006994868C01C4860FFE77C
:107EA00008B080BD80B588B00790069105A9002074
:107EB000087004A9087006984068012807D8FFE7F1
:107EC00007980078069A1321FFF7BCFB81E006981B
:107ED000417A05A801700078012826D1FFE70798AC
:107EE00000784030069908723B490420FFF73EFBBA
:107EF000014604A801700078002807D1FFE7079821
:107F00000078069A3521FFF79DFB0DE0069932486F
:107F1000C2784A7382780A734278CA72007888728B
:107F2000069906204860FFE753E005A8007802287C
:107F300047D1FFE706984068052807D8FFE707986C
:107F40000078069A1321FFF77DFB42E0224908786A
:107F500000064A78120480188A7812028018C978BC
:107F600040180390039800F039F802900699887A37
:107F70000006CA7A120480180A7B12028018497B14
:107F80004018019002980199884207D0FFE70798AE
:107F90000078069A3521FFF755FB11E00798007825
:107FA0004030069908720699022048600A4901206B
:107FB000C8708870487008700320FFF757FBFFE710
:107FC00006E007980078069A1221FFF73BFBFFE7CF
:107FD000FFE708B080BDC046A801002081B0009036
:107FE000009908094840C000484001B0704780B57A
:107FF00098B005A801904C21F7F793FC04A90391D0
:10800000002002900870FEF7A7FF019A014602982F
:108010000591022106911346083351211172012165
:108020005172179005981799069AFEF7BBFE014604
:1080300003980170007818B080BD000080B584B04E
:108040000390029101A900910020087000F07AF8D5
:1080500000990298407A087003980078403002999D
:10806000087201980299487202980A30FFF740FCA2
:108070000098029A062151600078012805D0FFE798
:1080800001A8007881280ED1FFE70120FEF760FCEF
:1080900001A80078812801D0FFE703E002990020C1
:1080A0004860FFE749E001A80078022805D0FFE713
:1080B00001A8007882281DD1FFE70220FEF748FCC6
:1080C00001A80078822801D0FFE703E00299002090
:1080D0004860FFE7FEF700F9F8F77AF902991848C7
:1080E000886403980078029A7821FFF7ABFA00F0D1
:1080F00033F821E001A80078032805D0FFE701A8A4
:108100000078832810D1FFE70420FEF721FC01A8A6
:108110000078832801D0FFE703E00299002048603F
:10812000FFE7FEF7D9F806E003980078029A1221DB
:10813000FFF788FAFFE7FFE7FFE704B080BDC0461E
:10814000CD7B010880B50A49C8880978F7F731FD69
:108150001D49088180BDC04680B505490889097858
:10816000F7F727FD184948810120087380BDC046F4
:1081700070CE010814490020488108737047C0463A
:1081800080B584B0039003980290FEF7DBFE0146B1
:108190000298884204D1FFE70B490120487011E0A2
:1081A00003980190FEF7C4FE01460198884204D16D
:1081B000FFE705490220487003E0034900204870AA
:1081C000FFE7FFE704B080BD4800002080B586B01F
:1081D0000590049104984068022807D8FFE70598A5
:1081E0000078049A1321FFF72DFA50E00499487A99
:1081F0000002897A411803A8018000882549884235
:1082000007D0FFE705980078049A3121FFF71AFAA2
:108210003DE004984068C11E02A801700078112852
:1082200007D0FFE705980078049A1321FFF70AFAB0
:108230002DE004990B3102A802781648FCF708FAE1
:1082400001900198801C002807D1FFE7059800786D
:10825000049A1321FFF7F6F919E00198002807D0D6
:10826000FFE705980078049A2221FFF7EBF90EE06A
:10827000059800784030049908720499F1204872FA
:10828000049990208872049903204860FFE706B0A3
:1082900080BDC04690F10000704780B59CB01BA91E
:1082A0000020039008701AA9087007900890199090
:1082B00006A9087005A908700490FFF7F3F90128D2
:1082C00001D0FFE709E001200290FEF741FB029890
:1082D000FFF7CCF9FDF7C6FDFFE707A8011D024631
:1082E0000832FEF7C8FD012801D0FFE7A8E0FFF73C
:1082F000C5F9012801D1FFE702E0FDF7EDFFFFE737
:108300000798FFF73DFFFFE705A8FFF7F9FB04908B
:1083100009981AA90870FFE71BA8017805A8027838
:1083200000209142019005DAFFE70498411E884140
:108330000190FFE70198C007002865D0FFE71AA861
:10834000007804991BAA1278D200895C884201D077
:10835000FFE753E006A90120087004981BA90978DB
:10836000C90040188078FFF78FF9012801D1FFE795
:1083700005E007AA107A1121FFF764F944E0049898
:108380001BA90978C90040184078FFF791F9012826
:1083900001D1FFE705E007AA107A1121FFF752F992
:1083A00032E004981BA90978C9004018C078FFF78B
:1083B00035FB012801D1FFE705E007AA107A332138
:1083C000FFF740F920E00020199004981BA90978D4
:1083D000C90040184068002806D1FFE707AA107AB4
:1083E0001121FFF72FF908E004981BA90978C900AB
:1083F0004018426807A99047FFE705E0FFE71B9890
:10840000401C1BA9087087E706A80078012801D145
:10841000FFE705E007AA107A1121FFF713F9FFE73C
:108420000898002801D1FFE70AE0FEF795FD0790C4
:1084300007981999089A07AB0833FEF7B3FCFFE7D2
:108440001CB080BD80B502F02FF980BD80B588B02A
:1084500007900691002005900490039002900799E0
:108460000868012290430860079800680590059805
:108470004A49084005900698817A0289114380880C
:1084800001430598084305900598079908600798E7
:108490004068059005984249084005900698C188B3
:1084A00005980843059005980799486007988068E3
:1084B000059005983B4908400590069881890598E4
:1084C00008430590059807998860079836498842BF
:1084D00005D1FFE70020FDF7C5FE04900EE00798E8
:1084E0003249884205D1FFE70120FDF7BBFE049029
:1084F00003E0FDF703FE0490FFE7FFE7079800683D
:108500000004C00F00280AD0FFE70499192048434F
:10851000069909684900F7F74CFB039009E00499B4
:1085200019204843069909688900F7F742FB039030
:10853000FFE7039864210191F7F73BFB01990001E4
:1085400005900398059A12095143401A0290079822
:1085500000680004C00F00280DD0FFE70298C0009B
:1085600032306421F7F725FB0146072001400598CA
:10857000084305900CE00298000132306421F7F7BF
:1085800018FB01460F200140059808430590FFE7BE
:1085900005980799C86008B080BDC046F3E900009F
:1085A000FFCF0000FFFC0000003801400044004005
:1085B00081B000900099086801229043086001B0E2
:1085C000704781B00090009908680122104308604C
:1085D00001B0704783B00290019169460020087095
:1085E0000298C0690199084204D0FFE7694601205A
:1085F000087003E0694600200870FFE768460078CD
:1086000003B0704781B000900098406A0749084065
:1086100001B0704782B0019068460180008803492C
:1086200008400199886202B07047C046FF0100000F
:1086300080B582B001A90020087000F011F801286F
:108640000AD1FFE7FBF766FCFFF7D1FC401E414271
:10865000484101A90870FFE701A8007802B080BD79
:1086600080B582B000F018F8012804D0FFE701A916
:10867000002008700CE013480078A52804D0FFE71C
:1086800001A90020087003E001A901200870FFE79C
:1086900001A8007802B080BD80B584B000200390AE
:1086A00008480E2103AA0192F8F744FF01980649F1
:1086B0000A8802A90A8000880988401A4142484174
:1086C00004B080BDF07F0020FE7F002083B00290C8
:1086D00001AA0020107002980B494B68C01A43424F
:1086E0005841107002988968884203D1FFE7012041
:1086F000009003E001A800780090FFE7009901A82E
:108700000170007803B07047D8CC010800F08AF8F7
:1087100081B0014668460170007840B2002809D453
:10872000FFE7684601781F20014001208840024988
:108730000860FFE701B0704780E200E081B00146C9
:1087400068460170007840B200280DD4FFE7684603
:1087500001781F2001400120884004490860BFF3D0
:108760004F8FBFF36F8FFFE701B0704780E100E0EC
:1087700081B0014668460170007840B2002809D4F3
:10878000FFE7684601781F20014001208840024928
:108790000860FFE701B0704700E100E070B582B00B
:1087A000024601A802700091007840B2002817D458
:1087B000FFE701A9087840B20322D3431840184AC2
:1087C0008058097849B28C07E50EFF24AC40A043DD
:1087D000009CA401E4B2AC402043194088501AE048
:1087E00001A908780F24204008380322D3431840F9
:1087F0000A4A8058097849B28D07EE0EFF25B54028
:10880000A843009DAD01EDB2B54028432140083991
:1088100019408850FFE702B070BDC0461CED00E073
:1088200000E400E0BFF34F8F034904480860BFF342
:108830004F8FFFE700BFFDE70CED00E00400FA05F5
:1088400080B586B005A9029100200390087000F061
:10885000E1F8029903980870FFE705A8007803285B
:1088600023DCFFE705A80078410188484018049000
:1088700004980089002804D1FFE704990020888229
:1088800008E00499019148890989F7F792F901985C
:108890008182FFE70499002088750499C875FFE775
:1088A0000598401C05A90870D7E706B080BDC046F2
:1088B00080B582B00C480078002804D1FFE701A9F8
:1088C000002008700CE0F8F755FF022804D0FFE7FD
:1088D00001A90020087003E001A901200870FFE74A
:1088E00001A8007802B080BDC800002010B584B097
:1088F00003A900200870F8F73DFF02A9087044485A
:10890000007802281ED0FFE702A80078022819D1BB
:10891000FFE703A900200870FFE703A800780328F9
:108920000DDCFFE703A800784101584841180020FA
:10893000C875FFE70398401C03A90870EDE700F035
:1089400069F8FFE7029832490870FFF7B1FF002885
:1089500001D1FFE759E003A900200870FFE703A851
:108960000078032851DCFFE703A80078410147485D
:10897000401801900198807D00280AD0FFE70198F7
:10898000007B002805D0FFE701980069002801D18D
:10899000FFE735E00199002088750198807900286B
:1089A00005D0FFE701988079092801DBFFE727E080
:1089B0000198C07D00280ED1FFE701990020C86111
:1089C000886101990A6908461830897990470199A8
:1089D0000120C875FFE7019C207921686279A3799D
:1089E0001834009400F0CEF8012804D1FFE7019973
:1089F0000020C87503E0019901208875FFE7FFE7B3
:108A00000398401C03A90870A9E704B010BDC04634
:108A1000B20100207047000082B001A90020087058
:108A2000FFE701A8007803282DDCFFE701A8007804
:108A300041011648401800900098007B00280AD099
:108A4000FFE700980089002805D0FFE7009800693B
:108A5000002801D1FFE711E00099888A401C888234
:108A60000099888A0989884207DBFFE7009900207E
:108A70008882009901208875FFE7FFE70198401C74
:108A800001A90870CDE702B07047C046CC000020B5
:108A900080B5F8F766FD80BD80B586B0059004917D
:108AA00003920398009000200190049A69460A728C
:108AB000F9F714FC06B080BD83B0029001910092DA
:108AC00003B0704780B501F085FF224802F050FAEC
:108AD000214802F0EBF9214A2148002102F0F0F987
:108AE000002801D1FFE7FFE71E4A01200002002114
:108AF00002F0E6F9002801D1FFE7FFE71A4A1B4818
:108B0000012102F0DDF9002801D1FFE7FFE7164A55
:108B10001748012102F0D4F9002801D1FFE7FFE74F
:108B2000114A1448012102F0CBF9002801D1FFE7D6
:108B3000FFE71148002100F0B3F91048012100F0CF
:108B4000AFF9FFF77DFE0E48F8F726FE01F034FF7F
:108B500080BDC046DD8B0108918A0108998A010811
:108B600001040000B98A010815C10108F1A1DA1851
:108B7000F133DB18A1F1DA1819180108198A010874
:108B80008CCC010810B588B00A9C0690059104A809
:108B900002700393002002900A9800280AD0FFE791
:108BA00004A80078002808D0FFE704A8007801286E
:108BB00003D0FFE7002007900CE00698059904AA6F
:108BC0001278039B0A9C009401F024FF0290029803
:108BD0000790FFE7079808B010BD000080B582B08D
:108BE00001AA1070009100980449884204D1FFE75F
:108BF0000020F9F74DFDFFE702B080BD4104000001
:108C000080B582B0024601A802706A4611700078F1
:108C1000022801D3FFE717E0684600780A2801D34D
:108C2000FFE711E001A800780A2141436348405C56
:108C300069460978884207D1FFE701A80078002239
:108C4000114602F05BFAFFE702B080BD10B582B0BA
:108C5000024601A802706A4611700078022801D30A
:108C6000FFE72EE0684600780A2801D3FFE728E0F6
:108C70006846007801A909780A224A434F49895C6D
:108C8000884201D1FFE71CE0684601780A221046BD
:108C900048430D490818007A01AB1B7814465C4321
:108CA000464B1B5D5A438918097A884201DCFFE76D
:108CB00007E001A8007869460978012202F01EFA4F
:108CC000FFE702B010BDC0466CCF010880B582B08E
:108CD00001F031FF01A900200870FFE701A800782A
:108CE000012812D8FFE701A801780A224A43334934
:108CF00089180022CA710078114602F0FFF9FFE7D7
:108D00000198401C01A90870E8E70548012100F01E
:108D1000C7F800200221FFF799FF02B080BDC046CE
:108D200075B1010810B582B001A900200870FFE7F5
:108D300001A80078012817D8FFE701A801780A22C6
:108D400013464B431D49CC180123E37103785A4362
:108D50008A1800211172007802F0ACFAFFE701983E
:108D6000401C01A90870E3E702B010BD10B582B045
:108D700001F0E1FE01A900200870FFE701A80078DA
:108D8000012814D8FFE701A801780A231A464A43AC
:108D90000A498C180022E27100784343C95C02F052
:108DA000ADF9FFE70198401C01A90870E6E7002033
:108DB0000121FFF74BFF02B010BDC046D0090020D3
:108DC00080B502F012FD01F077FE0448002100F0AA
:108DD00067F80348012100F063F880BD1DBB01085E
:108DE00015BE010880B50248012100F059F880BD88
:108DF000C1BF010880B503F0E3F980BD80B582B042
:108E000001A900200870FFE701A8007863490978EC
:108E1000884215DAFFE701A80078810060484058D1
:108E2000002807D0FFE701A8007881005C4840587F
:108E30008047FFE7FFE70198401C01A90870E3E7BE
:108E400016490888401C088080B20A2823DBFFE707
:108E500012490020088001A90870FFE701A80078E6
:108E60004C490978884215DAFFE701A800788100AB
:108E700049484058002807D0FFE701A80078810042
:108E8000454840588047FFE7FFE70198401C01A98B
:108E90000870E3E7FFE702B080BDC046B4010020E0
:108EA00084B0029001A80170694600200870029801
:108EB000002804D1FFE70020C043039067E001A829
:108EC000007800282DD1FFE734480078032804DB20
:108ED000FFE70120C043039059E069460020087075
:108EE000FFE768460078022819DCFFE7684600784B
:108EF00081002B48405800280BD1FFE7274908780C
:108F0000401C08700298694609788A0024498850F4
:108F100005E0FFE70098401C69460870E1E7FFE7BD
:108F200032E001A8007801282DD1FFE71948007828
:108F30000F2804DBFFE70120C043039027E06946C8
:108F400000200870FFE7684600780E2819DCFFE76C
:108F50006846007881001048405800280BD1FFE790
:108F60000C490878401C08700298694609788A0004
:108F70000949885005E0FFE70098401C69460870E1
:108F8000E1E7FFE7FFE7FFE701200390FFE7039832
:108F900004B07047380A0020FC090020480A00206D
:108FA0003C0A002080B5034801F0ECFF02F052F8C3
:108FB00080BDC046FD8D010880B502F057F800F075
:108FC00001F880BD80B5034802F068F8024802F05D
:108FD00065F880BD1AD001082AD0010810B586B006
:108FE000044605A8047004AC217003A90A7002931A
:108FF00001AA002111800078002806D1FFE701A90D
:109000004878BF22104048700BE005A8007801287E
:1090100006D1FFE701A94878402210434870FFE7D6
:10902000FFE704A802783F20024001A841781143DD
:109030004170039901700299022201F007F906B00C
:1090400010BD80B586B00490039100210291049870
:10905000F6F77DFD002803D1FFE70020059025E00D
:1090600003980499F6F70BFD029002987F21C90539
:10907000F6F743FD002804D1FFE77F20C0050190EB
:109080000FE002980021F6F754FD002803D1FFE716
:109090000020009002E002980090FFE70098019005
:1090A000FFE70198029002980590FFE7059806B047
:1090B00080BD80B588B0069005A8018004A8002175
:1090C00001800698F6F727FD00280DD1FFE70698E6
:1090D0007F21C905F6F73BFD002805D1FFE705A86C
:1090E0000088002804D1FFE707A9002008802FE0AE
:1090F0000698029005A803900088F6F736FD014611
:109100000298F6F77FFCF6F73BFD0399024604A8A8
:10911000028000880988884204DDFFE705A80088EE
:1091200001900EE004A80088002803D5FFE7002086
:10913000009003E004A800880090FFE700980190E9
:10914000FFE7019804A90880049807A90880FFE7B1
:1091500007A8008808B080BD80B582B0014601A88C
:109160000180002100910088F6F7FFFC0649F6F720
:1091700049FC0649F6F746FC0549F6F7EAFB00907C
:10918000009802B080BDC046F609A03A0000C04079
:109190005C8F423F10B583B0029001A80170694610
:1091A00000200870029800280AD0FFE701A8007884
:1091B000002805D0FFE701A80078092801DBFFE7B8
:1091C00024E0694600200870FFE76846007801A99E
:1091D000097888420BDAFFE7029968460278002096
:1091E0008854FFE70098401C69460870EDE7029B31
:1091F0005878F021084006490C780F2214400019D5
:1092000058700878401C10400870FFE703B010BD8C
:10921000CC09002010B583B0029001A80170694606
:1092200000200870029800280AD0FFE701A8007803
:10923000002805D0FFE701A80078092801DBFFE737
:1092400024E0694600200870FFE76846007801A91D
:10925000097888420BDAFFE7029968460278002015
:109260008854FFE70098401C69460870EDE7029BB0
:109270005878F021084006490C780F221440001954
:1092800058700878401C10400870FFE703B010BD0C
:10929000CD09002082B001906846017002B070478D
:1092A00082B001906846017002B0704785B00490AA
:1092B00003910020C14302910190FFE701980399B7
:1092C000884227D2FFE704980199415C0298484000
:1092D000029000200090FFE70098072815D8FFE7CC
:1092E00002A80078C007002806D0FFE702984008CF
:1092F0000A494840029003E0029840080290FFE7C4
:10930000FFE70098401C0090E6E7FFE70198401C4B
:109310000190D3E70298C04305B070472083B8EDB1
:1093200080B58AB0002006900990494B0893072128
:109330004622FFF753FE0698089B2321FF2207923F
:10934000FFF74CFE0698079A089B2421FFF746FE7C
:10935000FFE70998401C0990FFE709987D21090162
:109360008842F6D8FFE73B4B01210391002204928B
:109370000846FFF733FE0398049A374B0221FFF7A4
:109380002DFE0398049A354B0321FFF727FE03981F
:10939000049A334B0421FFF721FE049A2C4B0593CA
:1093A00023211046FFF71AFE049A059B242110463C
:1093B000FFF714FE0498059B072202921146FFF75F
:1093C0000DFE0498059B0921FF22FFF707FE049874
:1093D000059B0B211B220192FFF700FE049A059BBF
:1093E0000D211046FFF7FAFD0498059B1821212254
:1093F000FFF7F4FD01990498059B5522FFF7EEFD58
:109400000498059B2521F622FFF7E8FD0498059BAB
:1094100026213622FFF7E2FD02990498059B872258
:10942000FFF7DCFD0498059B08214222FFF7D6FDDB
:1094300001F08CFA0398049A059B1146FFF7CEFDC4
:109440000398049A059B0521FFF7C8FD0AB080BD6B
:10945000B60100205D0A00205F0A0020610A00209A
:10946000630A002080B588B0012003904002FCF719
:10947000F5FD0398C004FCF7D9FD039806A907225F
:109480000A8003228A7000220192CA704A71087110
:109490001A48FBF709FEF6F781FF0199039A04A821
:1094A00001708170C270417041710171F6F79AFECE
:1094B0000398800202210291F6F7D2FE02990398E6
:1094C000C002F6F7CDFE029903980003F6F7C8FE36
:1094D000F6F704FFF6F7FAFE0398F6F7E1FEF6F763
:1094E000EFFEFFE70120F6F731FF002801D1FFE78B
:1094F000F8E7F6F75FFF08B080BDC04600080048F7
:1095000080B5F6F75DFFF6F7C5FEF6F7BDFE012064
:109510004002FCF76FFD80BD80B582B00020019055
:10952000012000904002FCF799FDF6F7D7FEF6F710
:10953000CDFE0098F6F7B4FEF6F7C2FEFFE7012075
:10954000F6F704FF00280AD1FFE70198401C0190BC
:1095500001980549884201D3FFE700E0EFE7F6F7FD
:1095600029FF02B080BDC0468913000080B58AB0D3
:10957000089007A801700020059004900390884887
:10958000007813280ADCFFE707A80078002809D034
:10959000FFE707A80078012804D0FFE70020C043B8
:1095A000099078E07E4801787E48405C06A9087002
:1095B00007A80078002832D1FFE7394800780A2848
:1095C00004DBFFE70020C043099064E005A9019196
:1095D00048880722D202104348804888314A104008
:1095E000012292038018488008A8028848882E4BE0
:1095F0001A401F23DB0218408018488006A8027812
:109600000888184080180880254802900278A548EC
:10961000FAF75EFA02990878401C087033E007A850
:10962000007801282ED1FFE71C4800780A2804DBC7
:10963000FFE70020C04309902DE0039807214A0767
:109640001043039004980321890788430121890767
:1096500040180490089903989143104040180390D3
:1096600006A8017804981040401804900B48009018
:1096700002788D4803A9FAF78DF900990878401C03
:109680000870FFE7FFE746490878401C087006A805
:1096900000780990FFE709980AB080BDDC0100203E
:1096A000ED090020FF3F0000FF07000010B586B065
:1096B00021204004FCF7BAFC04A903914020088053
:1096C00000200090887001200290487108710D48B8
:1096D0000190FBF7E9FC009B0198029A0399802412
:1096E0000C808A70CB704A710A71FBF7DDFC02981E
:1096F0000399000208800920C006FBF7D5FC06B0DC
:1097000010BDC0460014004880B584B003A90020F5
:10971000019008700290D848F9F75CFB019802901C
:10972000FFE71C480068C00700280AD0FFE702983E
:10973000401C029002981849884201D3FFE700E0DC
:10974000EFE700200290FFE702981449884204D80E
:10975000FFE70298401C0290F6E703A9002008707A
:10976000FFE703A800780E49097888420FDAFFE77F
:1097700003A801780B48415CAB4A0B4BBE48F9F794
:10978000A7FFFFE70398401C03A90870E9E704B0AE
:1097900080BDC04618640040A18601008713000008
:1097A000C4090020B40000200808002010B592B0C1
:1097B00001200890FCF7E4FB08984006FCF742FC07
:1097C00008984004FCF732FC0920C00602900B21E7
:1097D00004220092FBF7D5FC009A02980C21049118
:1097E000FBF7CFFC0298089A10A90391022301937A
:1097F0008B704A7100230593CB70D20206920A80C7
:10980000FBF752FC019B02980399089A4B711203D3
:109810000A80FBF749FC0498059A089B09A98A72FB
:10982000CA720A731C4C09940A940A724A72CB8158
:1098300031224A74887408748B82CA7508768875D8
:109840008D480790F9F788FC059B07987649134ADD
:10985000F9F7DAF906991248F6F763F8079811490B
:10986000FAF7B6F807981049FAF7B2F807980F49CF
:10987000FAF710F907980E49FAF744F9079808998A
:10988000FAF72AF80820F9F753FA1F200E21FBF700
:109890000AFF12B010BDC04620A107009532010892
:1098A000005C0040380000202C0000202400002034
:1098B0005001002080B5034801686F48FAF76CF941
:1098C00080BDC046C809002080B50420F9F798FD86
:1098D00000280DD0FFE70420F9F736F905480068A5
:1098E000002804D0FFE7034800688047FFE7FFE750
:1098F00080BDC046C401002080B500F097F85E48E6
:10990000F9F752FA80BDC04610B58EB0109C0C908D
:109910000B910AA80270099308A9002008700C98FE
:10992000092812D8FFE7099808280ED8FFE71098F1
:1099300000280AD0FFE70AA80078002808D0FFE72F
:109940000AA80078012803D0FFE700200D9067E007
:10995000002007900690059004900390029009A8BB
:109960000078F9F727F908A908700AA8027804997D
:10997000D207530801229407A143C91804910499FE
:1099800052079143049104AA9179DF231940917100
:109990009179EF23194091710078002804D1FFE7F5
:1099A0000B988004019002E00B980190FFE7019969
:1099B00004980722520791431040401804901098D1
:1099C0000690099904A8017308A90A7881790F23E0
:1099D0001A40F02319408918817102900C9802AA4C
:1099E00010710B980C99CB001E49CB1858600C983D
:1099F000C3000120C8540C491F48F9F7C4FE0128D0
:109A00000BD1FFE70C98C2001649002088540C9A2D
:109A1000D200891848600D9002E001200D90FFE708
:109A20000D980EB010BDC046E401002081B069461B
:109A300000200870FFE768460078092810DCFFE77F
:109A40006A461078C30007490020C8541278D20033
:109A500089184860FFE70098401C69460870EAE7EB
:109A600001B070475008002080B50348F9F7B2F9FB
:109A700000F0DAFA80BDC0460064004080B584B0D2
:109A800001200190C004FCF7D1FA0198820202A9DA
:109A90000A8088700022CA7002224A710871092067
:109AA000C006FBF701FB00F0BFFA04B080BD000068
:109AB00080B584B001200190C004FCF7B7FA01988A
:109AC00002A920220A8088700022CA7002224A71EC
:109AD00008718648FBF7E8FA04B080BD80B58CB009
:109AE0000B900A91099201200090FCF79FFA009ACE
:109AF0000B9804900A98039003A900200872099B10
:109B00000693C8748A744A740A740A7588750220A8
:109B10000190487511480290FAF7E8FD0198FAF7AC
:109B2000D7FD0298FAF74FFE0CB080BD80B5022039
:109B3000FAF7CEFD0948FAF73DFE0120FCF746FA98
:109B400080BDC04680B50120FCF770FA0220FAF70C
:109B5000BFFD0248FAF737FE80BDC046080002404C
:109B600080B584B003A900200870FFE703A800783F
:109B700013490978884221DAFFE703A80078C10079
:109B800010484058FAF7AAFE012811D1FFE703A8B0
:109B900001900078C1000B4802904058FAF728FE67
:109BA000019902980978C900401840688047FFE78A
:109BB000FFE70398401C03A90870D7E704B080BDF5
:109BC000D0010020C801002080B5FDF725FA80BD36
:109BD00082B00146684601700078032804DBFFE785
:109BE00001A90020088007E0684600784100054888
:109BF000405A01A90880FFE701A8008802B0704719
:109C000000487047AC0100200048704740240140E4
:109C100080B50920C0068021FBF7EEFA80BD80B533
:109C20000920C0064021FBF7E7FA80BD80B586B069
:109C30000F204004FCF7FAF904A902912848088093
:109C4000032000908870002001904871087109205D
:109C5000C006FBF729FA009A01980299574B0B802E
:109C60008A70487108711F48FBF71EFA009A019824
:109C700002991D4B0B808A7048710871F448FBF7FC
:109C800013FA009A0198029904230B808A70487194
:109C900008711748FBF708FA009A01980299702397
:109CA0000B808A7048710871F348FBF7FDF90120B9
:109CB00003904002FCF79EF90398FCF787F903989C
:109CC0000003FCF797F90398C002FCF793F9102002
:109CD000FCF786F903988003FCF78CF906B080BD89
:109CE000FF82000000040048DFFF00000008004879
:109CF000000C004880B586B0012001904004FCF7BC
:109D000095F9019804A9039180220A8000228A70A3
:109D10004871032008710920C0060290FBF7C4F9BE
:109D20000298039940220A80FBF7BEF906B080BD75
:109D300080B586B005AA0292107004A801801F4861
:109D40000390FBF7A9FA02980078FBF787FAFFE780
:109D50001B48016800200029019005D0FFE7039807
:109D6000411E88410190FFE70198C007002804D0F8
:109D7000FFE70398401E0390EAE704A80088FBF77A
:109D800079FA0E480390FFE70D480168002000298A
:109D9000009005D0FFE70398411E88410090FFE73F
:109DA0000098C007002804D0FFE70398401E0390E6
:109DB000EAE7FBF777FA06B080BDC046FFFF000078
:109DC0000C30004080B50848FCF7B4F9002803D0F7
:109DD000FFE7FCF7CDF800E0FFE7FBF757FA0620B6
:109DE0000749FFF7A5FF80BD1D02000080B5FBF706
:109DF00059FA80BD80B506200149FFF799FF80BD63
:109E00007102000080B506200149FFF791FF80BD77
:109E1000A60E000080B586B0012001908005FCF7F9
:109E200005F9019804A9039110220A808870002284
:109E3000CA70487108719A480290FBF735F9029888
:109E4000039920220A80FBF72FF906B080BDC04697
:109E500080B501200021FBF7C3FF80BD80B5FFF76F
:109E6000E5FE80BD80B5FCF74BFF80BD81B0009062
:109E700000980249086001B07047C046B801002050
:109E800081B0009000980249086001B07047C04658
:109E9000BC01002081B0009000980249086001B028
:109EA0007047C046C001002081B000900098024970
:109EB000086001B07047C046C401002081B0009026
:109EC00000984A49086001B07047C04681B00090D0
:109ED00000980249086001B07047C046D8010020D0
:109EE00080B582B001A908700198034988700020EC
:109EF000FCF76EFA02B080BD0800002080B5FCF7C8
:109F000065FB00F075F880BD80B582B000F070F898
:109F1000012001900003FCF70DFA01984004FAF7C4
:109F20005FFCFCF79DFB02B080BD000080B588B0EF
:109F300001204104069106AA90710021117151710E
:109F400003AA1170FF21403105916321049100079C
:109F5000FCF778F8FBF73CFFFCF7A0F8FFE71148A7
:109F6000FCF7E8F8002801D1FFE7F8E7FCF712FC5E
:109F700002200190FCF714F8FCF796F8FCF75EFC61
:109F800003A8FCF7E1F906A8FAF73AFC01200290D1
:109F90000003FCF7B9FB01980299FBF784FB08B0BA
:109FA00080BDC0460102000080B582B001200003E0
:109FB000FCF7C2FB012815D1FFE701200190000347
:109FC000FCF7B8F901984004FAF70AFC00F010F821
:109FD00006480068002804D0FFE70448006880476E
:109FE000FFE700E0FFE702B080BDC046D4010020DB
:109FF00080B502490020FCF75FFA80BDEE09002021
:10A0000080B527488021FBF713F980BD80B524482F
:10A010008021FBF740F880BD80B50920C0060121F2
:10A020008902FBF705F980BD80B50920C006012132
:10A030008902FBF730F880BD80B505482021FBF789
:10A04000F7F880BD80B502482021FBF724F880BDD9
:10A050000008004880B512481021FBF7E9F880BDE0
:10A0600080B50F481021FBF716F880BD80B50C486D
:10A070001021FBF7E6F880BD0014004880B50848C1
:10A080002021FBF7D5F880BD80B505482021FBF7DE
:10A0900002F880BD80B502482021FBF7D2F880BDD0
:10A0A0000014004880B584B003AA107002A8018093
:10A0B0000088E849884203D3FFE7E648019003E0BF
:10A0C00002A800880190FFE7019802A9088003A870
:10A0D0000078012806D1FFE702A801881448FDF79F
:10A0E00010FA23E003A80078022806D1FFE702A8AF
:10A0F00001880F48FDF70DFA17E003A80078032840
:10A1000006D1FFE702A801880948FDF70AFA0BE02B
:10A1100003A80078042806D1FFE702A801880448B4
:10A12000FDF707FAFFE7FFE7FFE7FFE704B080BDB1
:10A13000002C014080B50920C0060121C903FBF7AE
:10A1400077F880BD80B50920C0060121C903FAF760
:10A15000A2FF80BDB0B590B0012006900003FBF7D0
:10A160007DFF0698FBF77AFF03246004FBF75EFF90
:10A1700006980EA90491887000220792CA700C718B
:10A180004871C003029008800920C0060190FAF7C8
:10A190008BFF01980299FBF74BF80499079A022567
:10A1A0008D70CA700C714D7108200880264803908C
:10A1B0002146FAF7E6FF03980499FAF775FF03982A
:10A1C000049B0699079A9D701C7159711021198082
:10A1D0000421FAF7D6FF03980499FAF765FF03986C
:10A1E000049B0699079A9D70DA701C7159712021A1
:10A1F000198005210591FAF7C4FF03980499FAF72D
:10A2000053FF059B069A07980AA908910A70C8701F
:10A210008A700A710B720F234B704871C880072334
:10A220004B724A738873C8738872C8720873764811
:10A230000990FCF77FFC08990998FCF7AFFB099897
:10A24000FCF751FC10B0B0BD0004004880B588B0E8
:10A250000690059104A8028003AA0021118002AA99
:10A26000118001AA11800088002806D0FFE704A809
:10A270000088C007002804D0FFE707A90020087065
:10A2800034E003A900200880FFE703A8008804A9A0
:10A290000988884226DAFFE7069903A80288881809
:10A2A00040780002895C411802A80180008801A959
:10A2B00000F020F8002804D1FFE707A9002008706B
:10A2C00014E00198059A03A90B88D05401A840789E
:10A2D000059A098889184870FFE70398801C03A92C
:10A2E0000880D2E707A901200870FFE707A80078D7
:10A2F00008B080BD80B584B002AA10800191694683
:10A3000000200880FFF71EFFFFE73F480221FCF70F
:10A31000F3FB002810D1FFE70098411C684601803C
:10A3200000882A49884206DBFFE7FFF703FF03A9FD
:10A330000020087046E0E8E702A801883248FCF7F0
:10A3400016FC694600200880FFE72F480121FCF732
:10A35000D3FB002810D1FFE70098411C684601801C
:10A3600000881A49884206DBFFE7FFF7E3FE03A9EE
:10A370000020087026E0E8E72348FCF7F1FB01998C
:10A380000880694600200880FFE71F488021FCF70D
:10A39000B3FB002810D0FFE70098411C68460180FD
:10A3A00000880A49884206DBFFE7FFF7C3FE03A9DE
:10A3B0000020087006E0E8E7FFF7BCFE03A90120D3
:10A3C0000870FFE703A8007804B080BDD107000043
:10A3D00080B5FFF7AFFE0C48FCF77CFB01200003C3
:10A3E000FBF708FE80BDC04680B582B001200003A7
:10A3F000FBF734FE04480190FCF79CFB0198FCF746
:10A4000072FB02B080BDC0460030014080B586B00E
:10A4100001200190FBF722FE1020FBF713FE03A999
:10A420000020087288703F220A80704A04924872A5
:10A430002C480290FCF708FE01990298FCF76AFE8E
:10A4400011200221FBF72FF90298FCF75AFE06B003
:10A4500080BDC046E703000080B582B0214800906F
:10A46000FCF746FE00980121FCF7E0FD1120019069
:10A47000FEF74EF90198FBF70BF91020FBF7B0FD42
:10A4800002B080BD80B582B01020FBF7DBFD15481F
:10A4900001900121FCF7CAFD11200090FEF738F968
:10A4A00000980221FBF7FFF80198FCF72AFE02B0A2
:10A4B00080BDC04680B50B480121FCF7FFFF012895
:10A4C0000ED1FFE708480068002804D0FFE70648DF
:10A4D00000688047FFE703480121FCF7A7FDFFE77D
:10A4E00080BDC04600100040D801002010B594B0D7
:10A4F00003200590C004FBF799FD01240694204633
:10A50000FBF7ACFDE0020090FBF7A8FD059812A94F
:10A510000491022202928A7000230793CB70A40256
:10A520000C804B7108712F4801900A21FAF729FE1F
:10A5300001980499FAF7B8FD00990198029A049BD2
:10A5400019800B21FAF71DFE01980499FAF7ACFD6A
:10A550000198029A049B0699090319800C21FAF7C5
:10A5600010FE01980499FAF79FFD029A04990420BD
:10A5700008801D4803901146FAF703FE03980499DA
:10A58000FAF792FD059A069B07980FA90872887042
:10A590000A80164A109248720CAA08920624147077
:10A5A0005071907190705370D070107110811C4870
:10A5B0000990FCF749FD08990998FCF7B7FD08993F
:10A5C0000998FCF72FFE08990998FCF7A5FE089951
:10A5D0000998FCF71FFFFCF71FFD0998FCF791FD98
:10A5E00014B010BD00080048000C0048E70300004C
:10A5F00080B5FCF709FD0A48FCF77AFD0120C0028E
:10A60000FBF7F8FC80BDC04680B50120C002FBF717
:10A6100025FDFCF701FD0248FCF773FD80BDC04637
:10A62000002C014010B58CB0012001908003FBF795
:10A6300015FD01988004FBF7F9FC1A4802900621E9
:10A6400000220492FAF79DFD0298049A0721FAF776
:10A6500098FD019A0298049B0AA9039140240C805A
:10A6600002248C70CB704A7103220A71FAF71CFD28
:10A670000298039980220A80FAF716FD0498E121D6
:10A680004902069106A90C228A7288810881C88035
:10A690008880AD480590FDF7D9FE0598FDF791FF3C
:10A6A0000CB010BD0004004880B582B001A90020A4
:10A6B0000870A5482021FDF78DFF012811D1FFE783
:10A6C000A148FDF79FFF01A908700748006800280E
:10A6D00006D0FFE70448016801A800788847FFE733
:10A6E000FFE702B080BDC046E809002080B596486B
:10A6F000FDF75EFF01208003FBF77CFC80BDC046B8
:10A7000080B501208003FBF7A9FC8F48FDF759FFB6
:10A7100080BDC04680B584B0039003980290FFE7E7
:10A72000029900200029019006D0FFE702980078E6
:10A73000411E88410190FFE70198C007002812D010
:10A74000FFE7FFE780488021FDF744FF002801D1A3
:10A75000FFE7F7E7029801787B48FDF75BFF029877
:10A76000401C0290DCE704B080BDC04680B500F01C
:10A77000FFFA002000F0CEF900F010FC00F018F90C
:10A7800000F073F9FEF7F2FA00F0A8F901F09AF977
:10A7900000F083F900F008F900F07CFC00F062FCA6
:10A7A00080BD000080B526480078C00700281CD175
:10A7B000FFE724480078C00700280FD0FFE7F6F72E
:10A7C000DDFF00280AD1FFE71F480088002804D1D8
:10A7D000FFE71D4901200880FFE705E01A49002036
:10A7E000088017490870FFE7FFE715480078C007A1
:10A7F000002803D0FFE700F033F8FFE710480078A7
:10A80000C007002808D0FFE700F0D4FB002803D0E1
:10A81000FFE700F01BF8FFE709480078C0070028B1
:10A820000DD0FFE700F0CEF8002808D0FFE704497C
:10A830000020087004490880FFF798FFFFE780BDFB
:10A84000DF010020E00100204C01002080B500F075
:10A850008FFA00F05BF900F0A1FB00F09BFB80BDDC
:10A8600080B500F034F901F05BF800F0F7FB00F080
:10A870000DFC00F095F800F00CF900F0C5F8FEF7BB
:10A8800051FA00F091FB012000F044F900F06AFA5F
:10A8900080BD80B584B003AA108002910020019091
:10A8A0000298002801D1FFE716E003A80088029A69
:10A8B00001A9FCF717F802980078002801D0FFE7FB
:10A8C0000AE072B6019900200872019AD18891803D
:10A8D00062B602990870FFE704B080BD80B582B00F
:10A8E00001904820009001980099FEF7DFFC02B02B
:10A8F00080BD000080B582B00020019093208000D0
:10A9000001A90422F9F7DCFB0198034940184142F0
:10A91000484102B080BDC046ACB3AAB980B582B090
:10A920000190009101A801780748FDF773FEFFE749
:10A9300005488021FDF74EFE002801D1FFE7F7E72B
:10A94000019802B080BDC0460038014080B582B099
:10A950000D4B01210091002201920846FEF73EFBBB
:10A960000098019A094B0221FEF738FB0098019AE2
:10A97000074B0321FEF732FB0098019A054B042197
:10A98000FEF72CFB02B080BD5D0A00205F0A0020AC
:10A99000610A0020630A002080B5FEF763FD80BDD8
:10A9A00080B5FEF7ADFD80BD80B5FEF7B5FD80BD7D
:10A9B000074900200870704780B5FEF7A5FEFFF735
:10A9C00033FB80BD02480078012108407047C04633
:10A9D000DD01002080B5FEF7E9FEFFF74FF80648DD
:10A9E000FFF74EFA0548FFF755FA0548FFF73EFA1C
:10A9F0000448FFF759FA80BD9DAD01086DAE01080E
:10AA000079AD010899AE010880B5FEF775FFFFF733
:10AA100003FB80BD10B588B00A9C0690059104A880
:10AA20000270039300200290069809280AD8FFE7D5
:10AA300004A80078002808D0FFE704A800780128BF
:10AA400003D0FFE7002007900CE00698059904AAC0
:10AA50001278039B0A9C0094FEF756FF029002981E
:10AA60000790FFE7079808B010BD80B5FEF7FCFF20
:10AA7000FFF7DAFA80BD80B582B0FFF7C5F8019024
:10AA8000FFF7BEF8014601980322FFF727F802B04E
:10AA900080BD80B5FFF74AF880BD80B5FFF752F85A
:10AAA00080BD000080B5034B002007218722FEF700
:10AAB00095FA80BDB601002080B5FEF7F7FD0120B4
:10AAC00001F0CCFAFFF746FBFEF72AFC80BD80B50B
:10AAD000002001F0C3FAFFF77BFC80BD80B50120A8
:10AAE00001F0BCFAFFF780FC80BD80B50020FFF7C5
:10AAF0006FF880BD80B5FFF7A5FA80BD80B5FFF780
:10AB00009BFA80BD80B5FFF75DF980BD80B5FFF78A
:10AB10006DF980BD80B582B0014601A80170007852
:10AB2000012803D1FFE7FFF76DF902E0FFF762F9B3
:10AB3000FFE702B080BD80B5FFF76CF980BD10B5AE
:10AB400086B005AC207004A8017003A8027002A9A9
:10AB50000B8000780190012804D0FFE701980228BB
:10AB60000CD017E005A800780021FFF79BFA04A895
:10AB7000007802A90988FFF795FA17E005A8007880
:10AB800002A90988FFF78EFA04A800780021FFF7D0
:10AB900089FA0BE005A8007800210091FFF782FAFE
:10ABA000009904A80078FFF77DFAFFE7FFF70CF89B
:10ABB00006B010BD80B582B00146684601700078CD
:10ABC00001280ADCFFE7684600780C2141435E4813
:10ABD00040188068002804D1FFE701A90020088000
:10ABE0000AE0684600780C214143574840188068C5
:10ABF000804701A90880FFE701A8008802B080BD56
:10AC000080B582B0014668460170007801280ADCF0
:10AC1000FFE7684600780C2141434B4840184068E4
:10AC2000002804D1FFE701A9002008700AE0684667
:10AC300000780C214143444840184068804701A9EE
:10AC40000870FFE701A8007802B080BD80B5FFF76B
:10AC50004DFCFFF74FF8FEF72BFF80BD80B50120BC
:10AC6000FEF7B6FF80BD80B5FEF7D2FF80BD80B590
:10AC700082B00A4601A908706846028009780288F5
:10AC8000002000F003F802B080BD000080B584B061
:10AC9000034603A8037002AB197001A90A8000786B
:10ACA000022801DBFFE70DE003A800784200064818
:10ACB0008118805C497802AA127801AB1B88FFF7E3
:10ACC0003EFFFFE704B080BDE8CF010880B5022059
:10ACD000FEF77EFF80BD80B5FEF7A1FF80BD80B589
:10ACE00082B00A4601A90870684602800978028885
:10ACF0000120FFF7CBFF02B080BD000080B584B01B
:10AD0000034603A8037002AB197001A90A800078FA
:10AD1000012809DCFFE703A800780C2141430A4819
:10AD20004058002801D1FFE70BE003A800780C2170
:10AD300041430548425802A8007801A90988904774
:10AD4000FFE704B080BDC046D0CF010880B5FFF753
:10AD50004FFCFFF7CFFE80BD80B5FFF755FCFFF736
:10AD6000CDFE80BD80B5FFF779F8FFF771F880BDA3
:10AD700080B5FFF777F880BD10B584B003AC2070C4
:10AD80000291019200934D480068002804D0FFE72B
:10AD90004A4800688047FFE704B010BD10B586B090
:10ADA00005AC207004910392029301A90020087061
:10ADB000FFE701A800786C490978884253DAFFE779
:10ADC00005A8007801A9097818224A436749895CD7
:10ADD000884242D1FFE7049801A9097818224A4322
:10ADE000624989184968884236D1FFE703980928E3
:10ADF00001D3FFE737E00398002810D0FFE702985F
:10AE000000280CD0FFE701A80078182141435748DB
:10AE100040180C300299039AF4F76AFDFFE7039B90
:10AE200001AA107818210C46444350480419A36025
:10AE3000127851434018406900280CD0FFE701A860
:10AE40000078182141434948421853695068916875
:10AE50000C329847FFE706E0FFE7FFE70198401C48
:10AE600001A90870A5E706B010BDC04610B584B0B2
:10AE700003AC2070029101920093414800680028C1
:10AE800007D0FFE73E48026803A800780299904780
:10AE9000FFE704B010BDC0460149012008707047AB
:10AEA000DD010020464901200870704781B0009004
:10AEB00000980249086001B07047C046AC09002004
:10AEC000B0B586B0049003A80170029200200190F2
:10AED0002548007813280ADCFFE703A8007800283B
:10AEE00009D0FFE703A80078012804D0FFE705A9EF
:10AEF0000020087033E0049803A90978FEF736FBB8
:10AF000001900198002804D5FFE705A900200870EA
:10AF100025E0019814490A7818231C465443134A23
:10AF2000105504980D781C466C4314196060029803
:10AF30000D781C466C43141960610C781846604308
:10AF400014180020A0600C786343D2181061D06000
:10AF50000878401C087005A901200870FFE705A8C3
:10AF6000007806B0B0BDC0460408002024060020CA
:10AF700081B0009000980249086001B07047C04657
:10AF8000B009002080B582B001900198FEF79EFFC5
:10AF900002B080BD0A4900200870704780B5FEF7F6
:10AFA000ADFFFFF7F7FF80BD80B5FEF7ADFFFFF700
:10AFB000F1FF80BD02480078012108407047C0467B
:10AFC000E301002080B50448FEF778FFFEF7AEFFEE
:10AFD0001920FEF785FF80BDA5AE010880B582B0BF
:10AFE000014601A8017000780090002808D0FFE712
:10AFF0000098012807D0FFE70098022806D008E053
:10B00000FFF728F806E0FFF72BF803E0FFF72EF82C
:10B0100000E0FFE702B080BD80B582B0014601A824
:10B02000017000780090002808D0FFE70098012800
:10B0300007D0FFE70098022806D008E0FFF71EF8C7
:10B0400006E0FFF721F803E0FFF724F800E0FFE750
:10B0500002B080BD80B5FFF7D9F980BD80B5FFF79C
:10B06000FBF980BD80B5FFF70DFA80BD80B582B0D9
:10B07000FFF7D8FA0448019000F010F8019800F0AA
:10B080000DF802B080BDC0463BD0010880B5FFF787
:10B090002DFB80BD80B5FFF733FB80BD80B582B04E
:10B0A00001900198FFF736FB02B080BD80B582B0F9
:10B0B000014601A8017000780A210A4642437B48F4
:10B0C000805C41437A48401800900098007800283E
:10B0D00007D0FFE701A800780099497800F0EAF866
:10B0E00009E001A800780A22424370498918897949
:10B0F00000F0E0F8FFE702B080BDC04610B586B0B2
:10B10000134600910246009805A90A7004AA10701F
:10B1100003A8037013780A2214465C43644B1B197E
:10B12000029309784A436149891801910499019A67
:10B130001170019A002151800299C988019A918069
:10B14000019A012191710078002809D0FFE7019947
:10B150000220087205A80078002100F0ABF807E093
:10B1600001990020087205A80078FFF79FFFFFE70C
:10B1700006B010BD80B582B001A900200870FFE7BD
:10B1800001A8007801280AD8FFE701A8007800F09C
:10B1900009F8FFE70198401C01A90870F0E702B028
:10B1A00080BD000080B584B0014603A8017000781E
:10B1B0000A2141433D48401802900298C079002876
:10B1C00001D0FFE770E00298007A002815D0FFE771
:10B1D0000299087A401E08720298007A002801D06D
:10B1E000FFE761E002990020488002990120887100
:10B1F00003A80078FFF75AFF56E0029800780A216A
:10B2000041432B484018019001980078002801D054
:10B21000FFE749E002994888401C488002988079FD
:10B22000002812D0FFE70298408801994988884297
:10B2300001DAFFE738E0029900204880029988711E
:10B2400003A80078FFF732FF2EE0029840880199AA
:10B250008988884201DAFFE726E0029900204880C9
:10B260000299012088710198C088002817D0FFE753
:10B2700002988088002805D0FFE702998888401E40
:10B280008880FFE702988088002807D1FFE703A89D
:10B29000007800221146FFF731FF05E0FFE703A821
:10B2A0000078FFF703FFFFE704B080BDD00900205E
:10B2B0006CCF010880B582B00A4601A908706846C3
:10B2C000027009788A00044989580078421E90412A
:10B2D000884702B080BDC04664CF010880B588B001
:10B2E0000020019007901C491C480860FFF7C3FB31
:10B2F000FFF752FBFFF766FEFFF704FCFDF75CFE6D
:10B30000FDF770FDFDF7E2FC00F0D0FEFDF7DAFB83
:10B31000FDF748FEFDF754FD019804A9029108814C
:10B320000590049003900E4803AAF8F78DFF029948
:10B330000C4801F015F8FFE700F0F2FC00F0C6FE43
:10B34000F6F77EFAFDF7D2FAFDF754FDFFF72AFA79
:10B35000FFF7DCFBF0E7C04608ED00E000F800086E
:10B3600089F10000ECCF010882B00190019800281B
:10B3700001D1FFE725E00199002000908882019922
:10B38000C8820199088301994883019988830199AA
:10B39000C8830199088401992222885401992322A3
:10B3A00088540199242288540199252288540199AE
:10B3B00026228854019927228854019928228854EA
:10B3C000FFE702B0704780B582B001906846018007
:10B3D0000198002801D1FFE78CE00198007800F087
:10B3E00008FA002811D1FFE701990020C8820199CD
:10B3F00023228854019908830199242288540199B1
:10B40000488301992522885474E000980199888125
:10B4100001983E21405CC007002818D0FFE7019941
:10B420008889498D88420ADDFFE70198C08A002893
:10B4300004D1FFE701990120C882FFE706E00199E6
:10B440000020C882019923228854FFE706E0019971
:10B450000020C882019923228854FFE701983F21E8
:10B46000405CC007002818D0FFE701998889898DC2
:10B4700088420ADDFFE70198008B002804D1FFE72E
:10B48000019901200883FFE706E001990020088365
:10B49000019924228854FFE706E0019900200883DF
:10B4A000019924228854FFE701984021405CC0079D
:10B4B000002818D0FFE701998889C98D88420ADDE4
:10B4C000FFE70198408B002804D1FFE70199012094
:10B4D0004883FFE706E0019900204883019925226F
:10B4E0008854FFE706E0019900204883019925224E
:10B4F0008854FFE702B080BD80B582B0019001980A
:10B50000002801D1FFE708E00198009000F087F9DA
:10B5100001460098FFF757FFFFE702B080BD82B0F9
:10B5200000900098002804D1FFE701A900200870CE
:10B5300004E00098007801A90870FFE701A80078EE
:10B5400002B0704782B000900098002804D1FFE755
:10B5500001A90020087007E000982321405C012128
:10B56000084001A90870FFE701A8007802B0704701
:10B5700082B000900098002804D1FFE701A90020C4
:10B58000087007E000982421405C0121084001A9CF
:10B590000870FFE701A8007802B0704782B0009001
:10B5A0000098002804D1FFE701A90020087007E0F7
:10B5B00000982621405C0121084001A90870FFE79E
:10B5C00001A8007802B0704782B00090009800286F
:10B5D00004D1FFE701A90020087007E000982721A7
:10B5E000405C0121084001A90870FFE701A800782C
:10B5F00002B0704782B000900098002804D1FFE7A5
:10B6000001A90020087007E000982521405C012175
:10B61000084001A90870FFE701A8007802B0704750
:10B6200082B000900098002804D1FFE701A9002013
:10B63000088004E00098408A01A90880FFE701A87B
:10B64000008802B07047000080B586B0059004A85D
:10B6500001700598002801D1FFE7AAE0059800785D
:10B6600000F0C7F8002816D1FFE704980599887301
:10B67000059900204882059908840599C883059991
:10B68000888305992822885405992722885405998A
:10B69000262288548DE00598807B04A90978884289
:10B6A00057D0FFE70498059988730598408A424966
:10B6B000884205D0FFE70598408A401C039002E0CD
:10B6C0003D480390FFE70398059948820598007864
:10B6D000022812D1FFE70598008A3749884205D031
:10B6E000FFE70598008A401C029002E03248029071
:10B6F000FFE702980599088210E00598008A002863
:10B7000005D0FFE70598008A401E019002E0002066
:10B710000190FFE7019805990882FFE7059900204D
:10B7200008840599C88305992822885405992722F9
:10B73000885405984121405CC007002808D0FFE7E5
:10B740000599012088830599262200208854FFE767
:10B7500021E00598008C002804D1FFE7059901201D
:10B760000884FFE705984221405CC00700280AD002
:10B77000FFE70598C08B002804D1FFE70599012059
:10B78000C883FFE706E005990020C88305992722B2
:10B790008854FFE7FFE705984121405CC007002877
:10B7A00007D1FFE705990020888305992622885450
:10B7B000FFE706B080BDC046FFFF000080B5FFF781
:10B7C0009DF980BD80B582B001900198002801D11B
:10B7D000FFE708E00198009000F038F80146009873
:10B7E000FFF732FFFFE702B080BD80B5FFF72EFA0A
:10B7F00080BD82B0014601A80170017801200229B4
:10B80000009007D0FFE701A80078401E4142484160
:10B810000090FFE700980121084002B0704780B512
:10B8200082B000900098002804D1FFE701A9002011
:10B83000088007E000984321405CFFF7BBF901A9AD
:10B840000880FFE701A8008802B080BD80B582B003
:10B8500000900098002804D1FFE701A9002008709B
:10B8600007E000984321405CFFF7CAF901A908707E
:10B87000FFE701A8007802B080BD000010B588B0D5
:10B88000079006A801700592049303A90020088080
:10B890000798002806D0FFE707984321405C02285C
:10B8A00001DBFFE722E006980799087005990498E4
:10B8B000FDF7C7FB07994860079840680C49FDF7FA
:10B8C000F8FB03A902910880079801904068049949
:10B8D000F4F798F80199029A886007984321405C30
:10B8E00006A909781288FFF709FAFFE708B010BD2A
:10B8F000E703000080B582B0019000910198002814
:10B9000004D0FFE70098002801D1FFE706E0019886
:10B910002A3000991422F3F7EBFFFFE702B080BD55
:10B9200080B5FFF713FA80BD81B000900098002821
:10B9300001D1FFE7B3E00098808A00281FD0FFE71D
:10B940000099888A401C88820098808A000B002811
:10B9500004D0FFE7009953488882FFE70098808F62
:10B9600000280BD0FFE70099888A898F884205DB81
:10B97000FFE70099222201208854FFE7FFE70098A3
:10B98000C08A012813DBFFE70099C88A401CC882DF
:10B990000099C88A098E884208DDFFE70099088E61
:10B9A000C8820099232201208854FFE7FFE700980E
:10B9B000008B012813DBFFE70099088B401C0883EC
:10B9C0000099088B498E884208DDFFE70099488E70
:10B9D00008830099242201208854FFE7FFE700989C
:10B9E000408B012813DBFFE70099488B401C4883FC
:10B9F0000099488B898E884208DDFFE70099888E80
:10BA000048830099252201208854FFE7FFE700982A
:10BA1000808B012813DBFFE70099888B401C88830B
:10BA20000099888BC98E884208DDFFE70099C88E8F
:10BA300088830099262201208854FFE7FFE70098B9
:10BA4000C08B012813DBFFE70099C88B401CC8831B
:10BA50000099C88B098F884208DDFFE70099088F9D
:10BA6000C8830099272201208854FFE7FFE7009848
:10BA7000008C012813DBFFE70099088C401C088428
:10BA80000099088C498F884208DDFFE70099488FAC
:10BA900008840099282201208854FFE7FFE701B0BD
:10BAA0007047C046FF0F000080B582B0019001983A
:10BAB000002801D1FFE703E00198FFF735FFFFE71A
:10BAC00002B080BD80B5FFF747F980BD82B001208C
:10BAD00040030190FFE70D4801680020C9070029D5
:10BAE000009005D0FFE70198411E88410090FFE7D4
:10BAF0000098C007002804D0FFE70198401E01907D
:10BB0000E9E702490248086002B070470C20024091
:10BB10003C000100814880897047C04680B5D64806
:10BB2000FFF750FE00F0E4F980BDC04680B5314813
:10BB300000787A49897D884201D1FFE759E077484A
:10BB4000817D2C4A1170407D022823D1FFE7734884
:10BB5000807D012806D1FFE741200106012000F089
:10BB60008FFA16E06D48807D022805D1FFE701209D
:10BB7000214900F085FA0BE06848807D032806D152
:10BB8000FFE741200106012000F07AFAFFE7FFE716
:10BB9000FFE72DE06148407D012823D1FFE75F48A2
:10BBA000807D012806D1FFE741200106022000F038
:10BBB00067FA16E05948807D022805D1FFE7022088
:10BBC0000D4900F05DFA0BE0F948807D032806D1AD
:10BBD000FFE741200106022000F052FAFFE7FFE7ED
:10BBE000FFE704E00021084600F04AFAFFE7FFE71C
:10BBF000FFE780BDC00900203333434180B582B0E8
:10BC0000FFF788FF01A90880EC48407D02282ED16B
:10BC1000FFE701A80088A849884204DBFFE7E7495D
:10BC20000020887522E001A800883049884204DBA2
:10BC3000FFE7E2490320887517E001A8008865281E
:10BC400004DBFFE7DD49022088750DE001A80088CC
:10BC5000012804DBFFE7D9490120887503E0D749B3
:10BC600000208875FFE7FFE7FFE7FFE737E0D348ED
:10BC7000407D01282ED1FFE701A80088092804DCB7
:10BC8000FFE7CE490020887523E001A80088C72877
:10BC900004DCFFE7C9490320887519E001A8008882
:10BCA0001049884204DCFFE7C449022088750EE091
:10BCB00001A800880C49884204DCFFE7BF49012045
:10BCC000887503E0BD4900208875FFE7FFE7FFE7BF
:10BCD000FFE703E0B94900208875FFE7FFE702B0FE
:10BCE00080BDC0461F030000E703000021030000E1
:10BCF00080B582B0014601A8018000886E49884263
:10BD000005D3FFE77D20C00001A90880FFE7019867
:10BD1000AA49888100F04EF902B080BD9C00002045
:10BD200080B582B03A480078019014286DD8019807
:10BD3000810001A0405887468DBD010893BD0108D0
:10BD400099BD01089FBD0108A5BD0108ABBD010853
:10BD5000B1BD0108B7BD0108BDBD0108C3BD0108E3
:10BD6000C9BD0108CFBD0108D5BD0108DBBD010873
:10BD7000E1BD0108E7BD0108EDBD0108F3BD010803
:10BD8000F9BD0108FFBD010805BE0108F9F734FD42
:10BD90003CE0F9F74DFD39E0F9F798FE36E0F9F7A8
:10BDA000C7FE33E0F9F71EFF30E0F9F7ADFF2DE0F5
:10BDB000F9F7C4FF2AE0F9F7C2FF27E0F9F7C0FF5F
:10BDC00024E0F9F7BEFF21E0F9F746FD1EE0F9F7A0
:10BDD00045FD1BE0F9F756FD18E0F9F77DFD15E08C
:10BDE000F9F7CEFD12E0F9F757FE0FE0F9F76AFE1A
:10BDF0000CE0F9F768FE09E0F9F766FE06E0F9F7EE
:10BE000064FE03E0F9F792FE00E0FFE702B080BDB8
:10BE1000EC09002080B582B014480078C0070028E3
:10BE200018D1FFE712480088002813D0FFE7114817
:10BE30000188491C018000880D490988884208DB77
:10BE4000FFE70A490120087009480088094908806D
:10BE5000FFE7FFE7FFF7D2FE91480190FFF74CFBA9
:10BE60000198FFF721FE02B080BDC046BC0900204A
:10BE7000BE090020C20900205800002084B00A46F4
:10BE8000014602A8018001A90A800088098840189B
:10BE9000009000980849884205D3FFE77D20C00044
:10BEA00003A9088003E0009803A90880FFE703A81E
:10BEB000008804B07047C046E903000083B00A461A
:10BEC000014601A8018069460A80008809888842E5
:10BED00004DCFFE702A90020088005E00198009932
:10BEE000401A02A90880FFE702A8008803B0704743
:10BEF00080B586B06A480290FFF711FB01460298B0
:10BF000005AA1170FFF78CFB04A908802B48407D1F
:10BF1000022808D0FFE72948407D012803D0FFE729
:10BF200000F048F842E005A80078012808D0FFE7B3
:10BF300005A80078022803D0FFE700F03BF835E0C1
:10BF400004A800881D49C989884207DBFFE70498D7
:10BF50001A49C989401A03A9088005E000F02AF8A7
:10BF6000049803A90880FFE704981449C88103A82E
:10BF70000088002801D1FFE718E005A80078012813
:10BF80000AD1FFE70D480190808903A90988FFF7CE
:10BF900075FF0199888109E008480090808903A90C
:10BFA0000988FFF78BFF00998881FFE706B080BD05
:10BFB0009C00002001490020C88170479C0000209F
:10BFC00021480088012812DBFFE71F480188491C2F
:10BFD000018000887D21C900884207DBFFE71A49FC
:10BFE00000200880194901200870FFE7FFE7184882
:10BFF0000088012810DBFFE715480188491C0180F3
:10C000000088642807DBFFE71149002008801149F8
:10C0100001200870FFE7FFE7C6480078C007002846
:10C0200010D1FFE70C480188491C018000883328A3
:10C0300007DBFFE7084900200880BE49012008709F
:10C04000FFE7FFE77047C0464E010020E0010020F7
:10C050004C010020DF010020F809002080B582B0EB
:10C06000014601A801700078002803D1FFE7FDF721
:10C07000CDFF02E0FDF7C4FFFFE702B080BD000086
:10C0800080B582B0024601A8027000910178AB48E9
:10C090000368009A0248FFF7F1FB02B080BDC0467A
:10C0A000580000201A4901200870704780B5FAF73F
:10C0B0005DFFFCF7F1F8F7F739FFF8F79FFC02484E
:10C0C0000021FCF7EDFE80BDA5C0010880B50F483A
:10C0D0000078002806D1FFE70C4901200870FCF722
:10C0E000A7FAFFE70A480078002808D0FFE70849C8
:10C0F00000200870FAF76CFFFBF738FCFFE7FAF74F
:10C1000039FFFCF7CAF800F01FF880BDE4090020F1
:10C11000E509002080B584B0039002910192019856
:10C12000002808D0FFE70298002804D0FFE7029813
:10C13000092801D3FFE705E003980299019AF6F771
:10C140008DFBFFE704B080BD80B582B01848007851
:10C15000002817D1FFE71749174A184B0820FAF7AC
:10C160000DFF012801D0FFE71FE0144800680928EF
:10C1700004D3FFE7114908200860FFE70C490120BC
:10C180000870FFE70C4801680C48036809480090F4
:10C1900001221046FCF7F6FC012806D1FFE704490E
:10C1A00000200870FAF7C0FEFFE702B080BDC0466D
:10C1B0005C0A0020490A0020540A0020580A002086
:10C1C00080B55C480078C007002800D1B0E0FEF7D9
:10C1D0008CFC0146584801800088FCF7BDFF574998
:10C1E000086057480078C007002826D1FFE7534869
:10C1F00000685649F3F79DFC002819D1FFE7524823
:10C200000078022805DCFFE74F490878401C0870D9
:10C21000FFE74D480078032809DBFFE74A48032180
:10C220000170474A01201070FCF710FDFFE703E0A2
:10C23000454900200870FFE724E040480068414974
:10C24000F3F75BFC002818D1FFE73F48007801288E
:10C2500005DBFFE73C490878401E0870FFE73A48D5
:10C260000078002808D1FFE7354900200870012038
:10C270000321FCF7C5FCFFE703E033490320087006
:10C28000FFE7FFE732480078C007002827D1FFE723
:10C290002A4800683149F3F730FC00281AD1FFE73B
:10C2A0002D480078022805DCFFE72B490878401C60
:10C2B0000870FFE72848007803280ADBFFE72649D3
:10C2C000032008702249012008700421FCF7BEFCFD
:10C2D000FFE703E0204900200870FFE724E017484B
:10C2E00000681C49F3F725FC002818D1FFE71A481D
:10C2F0000078012805DBFFE717490878401E087021
:10C30000FFE715480078002808D1FFE71049002012
:10C31000087001200421FCF773FCFFE703E00E49DD
:10C3200003200870FFE7FFE7024900200870FFE7DD
:10C3300080BDC046DE010020660A002060010020AA
:10C34000E201002033331341B5090020CDCC0C416C
:10C35000E1010020CDCC7C41B40900209A998141B3
:10C360000FB410B503A9044B044A029800F0E8F892
:10C3700010BC08BC04B018471DA90108000000202B
:10C380002021020C01D010211046020A01D01046D3
:10C390000839020901D01046091F820801D0104651
:10C3A000891E420801D0881E7047081A704702E0B3
:10C3B00008C8121F08C1002AFAD170477047002030
:10C3C00001E001C1121F002AFBD17047F0B51FB474
:10C3D00086B00998089A030D0021024314D05148F1
:10C3E000514A1818504305141198012810981AD072
:10C3F000281A401C00264D4F4D490096019104908B
:10C40000002812DA444211E01198012449A30128BE
:10C4100001D11098C1430698119A84600360C260EC
:10C4200041600BB0F0BD4042E4E704462105002026
:10C430003F4A001C51410391029012E0E00707D0EF
:10C4400032463B4601990098F3F7F6FC01910090C3
:10C4500032463B4610461946F3F7EEFC06460F46B9
:10C460006410002CEAD10498039B0028029A0999D1
:10C47000089806DAF3F7E0FC019B009AF3F7DCFC7E
:10C4800005E0F3F741FD019B009AF3F73DFD0446FB
:10C490000E460022284BF3F7CFFD03D80020C043FF
:10C4A000014607E00022254B20463146F3F712FCF7
:10C4B000F3F7A2FD102409E0002C0ADB0A22002376
:10C4C000F3F796FB079B30321A55641E02460A4367
:10C4D000F2D11122641C079B121B1C19119B012B0A
:10C4E00003D0012308430ED10AE0084304D01120F1
:10C4F00010900020119077E71098151A6D1E0BE030
:10C500001098824202DD00236D1C03E0824201DAB2
:10C5100000236D1E002BEED0069811998260C16039
:10C5200030C07EE701FCFFFF104D0000000014400A
:10C530000000F03F300000000000F0430000E03F4A
:10C54000FFB597B00646002518E2252877D10024CC
:10C550002746FD49049400E00443761C327801200C
:10C56000203A90400842F7D130782A280ED0022293
:10C57000307801463039092916D804990A235943DD
:10C58000303940181443761C0490F1E7189802C81B
:10C5900004911890002904DA012040030443484222
:10C5A000049002200443761C30782E2814D10420F5
:10C5B00004437078761C2A2809D11898761C80C804
:10C5C000189009E00A214F43303FC719761C307894
:10C5D000014630390929F5D930786C2810D006DCAD
:10C5E0004C281AD068280ED06A2817D104E0742885
:10C5F00013D07A2812D110E00120400504430CE04A
:10C600000121090501E0032109050C4371788142EC
:10C6100003D1012000052418761C761C3078119077
:10C6200066280BD013DC58287DD009DC00287BD08D
:10C630004528F6D04628F4D047281AD1A5E118E0BD
:10C64000632835D0642870D0652812D19DE1702808
:10C650006CD008DC6728F1D069287BD06E280DD01B
:10C660006F2806D1BAE073282ED0752871D07828AB
:10C6700059D01A9A199990476D1C7EE16002400FBB
:10C68000022809D003280DD00428189801680DD07D
:10C690000D60001D189070E11898EA1701680D6090
:10C6A0004A60F6E7189801680D80F2E70D70F0E730
:10C6B00018986A4601781172001D18900020507277
:10C6C00002A80090012005E0189802C818900020E8
:10C6D0000091C04361070DD5002101E00199491C7B
:10C6E0000191B94212DA8142F8DB009A515C0029CB
:10C6F000F4D10BE0002101E00199491C0191814234
:10C70000FADB019A0099895C0029F5D10199049816
:10C710001A9B471A21463846199A00F097FA019950
:10C72000401945180BE04FE02CE113E04EE0009873
:10C7300000990078491C00911A9A1999904701981C
:10C74000401E0190401CF2D1214638461A9B199A8E
:10C7500010E137E00A200021009001916002410FB2
:10C76000022907D0189A01CA1892C21794460329C1
:10C7700008D00AE01898C01DC108C90005C9189161
:10C78000944607E000B2C2179446042902D140B291
:10C79000C1178C4600226146944506DA0A460021FC
:10C7A000404291418C462D2102E0210504D52B21E8
:10C7B0006A461173012103E0E10701D02021F7E768
:10C7C000029155E00A200AE0102008E010200090B5
:10C7D0000021042004430191082703E008200021E0
:10C7E000019100906002410F022907D0189A01CAF6
:10C7F000189200229446032908D008E01898C01D1A
:10C80000C108C90005C91891944603E080B2042903
:10C8100000D1C0B200210291210729D511997029B8
:10C8200006D0009A1021019B4A401A4305D00EE021
:10C8300040216A461173012108E06146014306D098
:10C8400030216A4611731199517302210291009AA5
:10C850000821019B4A401A430AD16146014301D194
:10C86000610705D530216A46117301217F1E0291AF
:10C870001199582904D035A10E910DA90D910DE003
:10C8800037A1F9E76146019B009AF3F7B1F90E9BD6
:10C890008C469B5C0D9A521E0D92137061460143AB
:10C8A000F0D10D9805A9081A20300190600703D532
:10C8B00001200004844300E001270198874201DD44
:10C8C000381A00E0002001990090411802980918D8
:10C8D0000498401A0490E00306D421461A9B199A42
:10C8E000049800F0B3F94519002706E003A81A9A46
:10C8F000C05D199990476D1C7F1C02988742F5DB3B
:10C90000E0030CD521461A9B199A049800F09EF971
:10C91000451904E01A9A3020199990476D1C009926
:10C92000481E00900029F5DC08E00D980D9900786C
:10C93000491C0D911A9A199990476D1C0199481E2E
:10C9400001900029F1DC63E1092801003031323324
:10C95000343536373839616263646566000000003B
:10C960003031323334353637383941424344454625
:10C970000000000000F05AF94519761C30780028B4
:10C9800000D0E2E528461BB0F0BD600700D40627C2
:10C990001898C01DC108C90048680A680831C30F4B
:10C9A000DB071891190001D09CA108E0210501D5F1
:10C9B0009BA104E0E10701D09AA100E09AA1430005
:10C9C00011985B08109165280CD006DC452809D029
:10C9D00046281DD0472841D141E0662818D0672855
:10C9E0003CD13CE00021112F01DB112000E0781C3C
:10C9F0000191009008A911A8FFF7E8FC139905918F
:10CA00000021119A15927F1C12980197009150E015
:10CA10000120C00703900120019008A9009711A8E8
:10CA2000FFF7D4FC139A149905920022119B0092EF
:10CA300012981593059A0192002901D0104602E040
:10CA4000791C40180190381A01D5019804E0404241
:10CA5000401E0090781C0190C01B029043E0012F03
:10CA600000DA01270021112F01DD112000E03846F6
:10CA70000191009008A911A8FFF7A8FC139905914E
:10CA8000119A0021129815920091019721070CD458
:10CA90000599B94201DB019900E00191012904DD0A
:10CAA000159A491E515C302906D0B84201DA011DA1
:10CAB00005DA0121029115E00199491EEDE70028F0
:10CAC00005DC0099411800910199091A03E0019AC7
:10CAD000411C914200DD01910099401A401C0290D6
:10CAE0000120C0070390200706D4029901988142D3
:10CAF00002DB0020C043029000206946C87707AFE0
:10CB0000012103980337C907884224D002201190DD
:10CB10002B201290039800280CDA404203902D201D
:10CB2000129007E00A210398F3F743F830317F1E93
:10CB3000039039701199481E11900029F2DC039876
:10CB40000028EFD1791E1298087030782021084013
:10CB50004530BF1E387006A8C01BC01D039010983A
:10CB60000078002800D00120019941180298C017D0
:10CB70000918039809180498401A401E0490E0030D
:10CB800006D421461A9B199A049800F05FF84519BB
:10CB900010980078002803D01A9A199990476D1CB4
:10CBA000E00324D521461A9B199A049800F04EF808
:10CBB00045191CE00098002807DB00990598884279
:10CBC00003DD1598405C199901E0199930201A9AF3
:10CBD000904700986D1C401C00900298401E0290E7
:10CBE000002804D11A9A2E20199990476D1C01999A
:10CBF000481E01900029DDDC05E038781A9A7F1C78
:10CC0000199990476D1C0399481E03900029F4DC84
:10CC100021461A9B199A0498ACE600002D000000EA
:10CC20002B0000002000000000000000F8B50446C2
:10CC300000251E461746880404D405E03946202006
:10CC4000B0476D1C641EF9D52846F8BDFFB50446F3
:10CC5000002581B01E46C80301D5302700E02027FB
:10CC6000880404D505E038460399B0476D1C641E5E
:10CC7000F9D5284605B0F0BD010000000000000015
:10CC8000000000000000000000000000410400005F
:10CC900041004006D007D0071400F4010A00C80084
:10CCA00000000A0008060000C3CC010801020100D0
:10CCB000DC050100C0CC01080000000000000000FD
:10CCC000000002070107020002000000040000004B
:10CCD000080000001000000001000000F133DB1824
:10CCE000F1A1DA18A1F1DA18000001001900190009
:10CCF0004B00000064009600320000002D2A01085D
:10CD000005290108E5290108302E30302E30310088
:10CD100000004C502D4550533035312D414100001D
:10CD20000000000000302E30302E30310000003086
:10CD30002E30302E3030000000302E31372E303083
:10CD4000000000020103024C502D45505330353194
:10CD50002D41412D3031000000004C502D45504DEB
:10CD60003036302D414100000000334641000000C4
:10CD700000000000000000000000000000000000B3
:10CD800000000000000000000000000000000000A3
:10CD90000000000000000000000000000000000093
:10CDA000000000000000000000000020260929000B
:10CDB0000000000000000000000000000000000073
:10CDC0000000000000000000000000000000000063
:10CDD0000000000000000000302E30302E30310006
:10CDE0000000302E31372E303000000088730000F4
:10CDF0008874000088760000887A0000887B000034
:10CE0000887C0000887D0000887E0000887F00000C
:10CE1000161711001717110052001F00552311009B
:10CE20000000000000000000000000000000000002
:10CE300000000000000000000000000000000000F2
:10CE400000000000000000000000000000000000E2
:10CE500000000000000000000000000000000000D2
:10CE6000000000000000000000000000544C554687
:10CE700001031027401F3200D0070000000000000F
:10CE80009D08010801000000510B0108020000008C
:10CE90008109010807000000D10F0108040000000B
:10CEA000E90601080500000039110108060000002C
:10CEB000810E0108030000004D0A0108080000006F
:10CEC000390C010809000000511201081007030184
:10CED0003D80010814070301CD76010819050301FF
:10CEE000F97B010822070301177E010828070301C7
:10CEF0004577010885070301D17701081107030170
:10CF0000557B010809070301397A0108270401014B
:10CF1000A57E01082E040103CD8101083E0703010F
:10CF2000C1790108B0044006A00F0C0014000500F0
:10CF300014000F0064000000B0044006A00F0000C1
:10CF4000000000000000000064000000B004400683
:10CF5000A00F0A001400050014000F006400000078
:10CF600000640040DDAF010819B0010801000000B5
:10CF700000000000000001010000000000000100AE
:10CF800000006400640000000100000014001400B0
:10CF90000000030000001400140000000300000063
:10CFA000140014000200020000001400140000002D
:10CFB000030000001400140000000400000014002E
:10CFC00014000000040000000A000A00050004002C
:10CFD0006FAC010867AC01085DAC0108DFAC01086B
:10CFE000D7AC0108CDAC010803040102456E74659D
:10CFF0007220415050205375636365737366756C7E
:10D000006C792D2D3236313031302D2D3E3E3E2083
:10D010005357203D2025730D0A0032363038323701
:10D020002D445431372E300D0A0032363039313428
:10D030002D4C502D435532350D0A003230323630EA
:10D040003930340D0A00BDF8C8EB2042534D0D0AAB
:10D0500000BDF8C8EB205042534D0D0A00BDF8C882
:10D06000EB204E4F530D0A00BDF8C8EB205253532E
:10D070000D0A00B3ACCAB1205265706561744D658C
:10D08000737361676554696D65720D0A00B3ACCA4C
:10D09000B1204D73674379636C6554696D65720D9A
:10D0A0000A00B3ACCAB12057616974427573536CFE
:10D0B00065657054696D65720D0A00B3ACCAB12024
:10D0C00054696D656F757454696D65720D0A002041
:10D0D000524D53204D73674379636C6554696D6598
:10D0E000B7A20D0A00204E4F53204D73674379635A
:10D0F0006C6554696D65B7A20D0A0020524D53C18D
:10D10000A2BCB4B7A20D0A00BDF8C8EB20524D5323
:10D1100020D5FDB3A3B7A2CBCDD7D3D7B4CCAC0D1C
:10D120000A00BDF8C8EB20524D5320BFECCBD9B755
:10D13000A2CBCDD7D3D7B4CCAC0D0A0060D10108B7
:10D140000000002068010000AA01010808D20108BF
:10D150006801002000110000BEC3010800000000AB
:10D160005135DF9B5713520A4480000180110102A0
:10D170000304050607080C101418203040F0425034
:10D18000420A64010102520A0B480102000100E058
:10D190000101000152644201D201920A4204401589
:10D1A0000102030405060708090A0B0C0D0E0F10F7
:10D1B0001112130133100546020008000A4201D57E
:10D1C000959101083311054A030008000A00020086
:10D1D00001D5159201083350064A04000800640086
:10D1E000040001D5A1920108332D064A050008006C
:10D1F000C800060001D595920108370100010030F2
:08D2000002E20A53484100005C
:040000050800F8C136
:00000001FF
